entity_id,decision_count,unique_current_price_count,unique_applied_price_count,min_applied_price,max_applied_price,mean_applied_price,std_applied_price,applied_price_range,applied_price_cv,pct_changed
CAT000011,910,297,706,28.82,193.59,99.39239560439567,35.68116908479946,164.77,0.3589929477786069,0.848351648351648351648
CAT000012,1003,325,850,17.78,212.22,107.4578763708873,53.34019803977875,194.44,0.4963823950482403,0.849451645064805583250
CAT000013,639,268,491,20.23,159.17,82.81885758998449,35.15680907811308,138.94,0.4245024635834229,0.895148669796557120500
CAT000014,962,338,808,15.41,196.14,91.02176715176718,34.75630396552915,180.73,0.3818460688373304,0.846153846153846153846
CAT000015,629,281,551,21.04,196.60,93.30394276629566,43.654128496034815,175.56,0.4678701371214086,0.855325914149443561208
CAT000016,692,301,589,19.20,202.41,92.49078034682078,49.03828653342223,183.21,0.5301964839040072,0.842485549132947976878
CAT000017,860,261,693,17.95,199.00,81.25498837209308,34.76783413186739,181.05,0.4278855345182519,0.856976744186046511627
CAT000018,676,238,585,32.57,279.20,171.54995562130156,55.58572478478596,246.63,0.32402063051238594,0.853550295857988165680
CAT000019,969,202,705,35.94,245.62,145.72834881320958,33.6672007840629,209.68,0.23102712038010226,0.877192982456140350877
CAT000020,501,201,417,34.10,260.23,157.4829940119763,43.499452228940854,226.13,0.27621682265980285,0.854291417165668662674
CAT000021,860,334,711,38.50,255.58,127.63056976744168,57.451689272440944,217.08,0.45014050612737105,0.869767441860465116279
CAT000022,639,199,534,46.13,250.01,133.32308294209705,33.178786666802594,203.88,0.24886003184619068,0.851330203442879499217
CAT000023,471,211,419,38.95,266.90,142.28070063694258,42.495472421383816,227.95,0.2986734829892315,0.842887473460721868365
CAT000024,871,229,636,37.82,232.57,145.59051664753167,47.14273253272741,194.75,0.32380359393090086,0.864523536165327210103
CAT000025,345,164,319,31.37,438.31,200.3667826086956,76.48949579290769,406.94,0.38174738745137776,0.855072463768115942028
CAT000026,357,153,324,21.50,440.33,208.2362745098039,93.19696706174919,418.83,0.447553949383403,0.843137254901960784313
CAT000027,410,193,380,30.30,396.60,196.39692682926838,89.07726902272637,366.30,0.45355734664913033,0.836585365853658536585
CAT000028,387,188,361,36.41,339.93,180.87953488372094,65.2925736383699,303.52,0.3609726975489155,0.855297157622739018087
CAT000029,395,187,369,30.33,379.89,201.1082025316456,76.41686383073694,349.56,0.3799788515275119,0.855696202531645569620
CAT000030,503,192,425,33.59,438.16,222.41395626242564,83.89761203534388,404.57,0.37721379289864937,0.813121272365805168986
CAT000031,310,154,273,19.15,448.23,195.62080645161294,106.47780503030887,429.08,0.5443071571052249,0.874193548387096774193
CAT000032,298,155,267,19.37,296.01,126.73439597315436,55.63077082360567,276.64,0.43895558420769776,0.838926174496644295302
CAT000033,375,171,334,14.25,317.02,162.8406666666666,75.13372633851986,302.77,0.46139412148390385,0.837333333333333333333
CAT000034,515,200,440,14.15,283.27,128.30438834951462,71.80352180867607,269.12,0.5596341850216046,0.836893203883495145631
CAT000035,315,171,273,25.11,294.69,145.58860317460318,74.07384008746797,269.58,0.5087887270862256,0.847619047619047619047
CAT000036,333,175,305,16.25,287.69,159.02210210210205,61.13300890761044,271.44,0.3844308941933069,0.861861861861861861861
CAT000037,588,209,476,10.61,253.28,78.7658163265307,61.79756573975801,242.67,0.7845734180367115,0.891156462585034013605
CAT000038,526,216,412,11.83,279.54,131.5666539923954,86.74173896289336,267.71,0.6592988141805831,0.855513307984790874524
CAT000039,471,172,416,66.63,644.25,403.76953290870506,147.05550081008406,577.62,0.36420653076698156,0.834394904458598726114
CAT000040,431,212,408,19.15,633.47,266.9574013921114,129.2849797629301,614.32,0.4842906736758132,0.867749419953596287703
CAT000041,611,270,547,50.51,601.89,325.10108019639927,119.77098521274353,551.38,0.36841152647166775,0.837970540098199672667
CAT000042,479,214,424,62.17,729.26,317.7579958246346,157.8660338902133,667.09,0.49681215253301436,0.847599164926931106471
CAT000043,745,264,634,26.88,603.70,282.64714093959714,114.13636565323921,576.82,0.403812206533625,0.842953020134228187919
CAT000044,473,203,409,47.57,644.08,329.61336152219906,96.69770481031476,596.51,0.29336706607933516,0.832980972515856236786
CAT000045,721,330,644,59.78,682.82,312.3286962552012,129.74300362840376,623.04,0.4154053251718882,0.846047156726768377253
CAT000046,599,241,486,19.47,411.92,165.3710183639398,89.83632143679777,392.45,0.5432410244888904,0.849749582637729549248
CAT000047,653,147,479,34.82,398.11,206.8407044410413,50.29098792402233,363.29,0.2431387383828867,0.868300153139356814701
CAT000048,759,285,583,14.18,368.57,182.71285902503288,85.01294492687451,354.39,0.46528167410060156,0.877470355731225296442
CAT000049,552,205,494,22.39,397.58,200.3667028985507,99.7993065217032,375.19,0.4980832896782925,0.865942028985507246376
CAT000050,728,315,647,10.75,395.30,211.3272939560439,90.41896495241578,384.55,0.42786221911885614,0.846153846153846153846
CAT000051,502,233,454,10.74,357.01,185.74812749004002,78.58843921927574,346.27,0.423091421061511,0.860557768924302788844
CAT000052,805,341,737,11.57,394.39,197.00081987577616,74.08636257923988,382.82,0.3760713413576497,0.858385093167701863354
CAT000053,188,105,173,16.26,171.12,100.49329787234043,39.42962671472645,154.86,0.39236075986694213,0.872340425531914893617
CAT000054,254,124,234,9.18,177.14,108.50464566929135,41.5045207937236,167.96,0.38251376738489345,0.866141732283464566929
CAT000055,151,82,138,12.92,175.43,92.69927152317881,47.129994583765644,162.51,0.5084181764252712,0.847682119205298013245
CAT000056,284,139,268,10.50,182.56,93.03971830985917,49.849930734823005,172.06,0.5357919353195263,0.862676056338028169014
CAT000057,722,139,494,9.65,181.35,54.60754847645418,41.21262380428233,171.70,0.7547056213675751,0.864265927977839335180
CAT000058,337,152,314,11.79,175.97,97.66786350148377,44.71791489642249,164.18,0.45785699915247086,0.816023738872403560830
CAT000059,345,98,286,26.22,172.26,75.09892753623184,27.859267272747626,146.04,0.37096757818953924,0.875362318840579710144
CAT000060,234,111,205,18.24,70.33,41.855769230769205,11.122940936235443,52.09,0.26574451122639253,0.897435897435897435897
CAT000061,319,140,269,10.42,72.21,43.21094043887147,15.177274628553386,61.79,0.3512368505384413,0.877742946708463949843
CAT000062,439,141,334,11.30,78.19,41.76751708428249,11.90543839830169,66.89,0.2850406064185659,0.865603644646924829157
CAT000063,251,101,226,14.54,68.85,40.22330677290838,14.045598905760984,54.31,0.34919055723238357,0.844621513944223107569
CAT000064,833,111,567,4.16,70.60,56.075786314525914,15.178532771757382,66.44,0.2706789109763321,0.841536614645858343337
CAT000065,902,141,451,6.64,71.07,35.31610864745008,10.058673820380637,64.43,0.28481829413294946,0.842572062084257206208
CAT000066,359,142,252,5.24,68.59,39.24222841225622,14.039728727073415,63.35,0.35777093440209673,0.899721448467966573816
CAT000067,268,126,243,22.09,321.39,187.970895522388,76.4964743498621,299.30,0.4069591419313694,0.820895522388059701492
CAT000068,155,74,144,36.88,317.15,168.23509677419358,82.03260943592596,280.27,0.48760699169704613,0.890322580645161290322
CAT000069,270,87,214,32.71,331.14,191.9244074074074,51.608604043875786,298.43,0.2689006819978017,0.874074074074074074074
CAT000070,257,81,204,23.72,318.75,207.78280155642037,52.75830203415211,295.03,0.2539108224499821,0.836575875486381322957
CAT000071,153,88,139,13.94,362.90,146.10248366013073,81.3664381079189,348.96,0.5569134491730932,0.915032679738562091503
CAT000072,184,75,167,14.75,301.86,131.7858695652174,77.19622106541688,287.11,0.5857700929553337,0.831521739130434782608
CAT000073,359,105,301,24.24,346.53,255.59044568245142,62.18366422501003,322.29,0.24329416562881911,0.832869080779944289693
CAT000074,613,149,460,38.07,231.61,113.84316476345836,39.35989619977183,193.54,0.3457378954771087,0.853181076672104404567
CAT000075,386,124,337,22.66,243.33,125.07279792746115,31.32509001358262,220.67,0.2504548593511942,0.870466321243523316062
CAT000076,203,106,188,16.28,241.66,110.81532019704431,55.62372114245507,225.38,0.5019497398333437,0.837438423645320197044
CAT000077,585,174,457,30.75,249.48,115.71777777777777,29.698011121518412,218.73,0.256641733809907,0.858119658119658119658
CAT000078,307,139,276,10.65,223.84,84.87745928338768,49.52606936215337,213.19,0.5835008467536289,0.869706840390879478827
CAT000079,403,132,360,29.27,239.23,105.56317617866009,49.05159106903883,209.96,0.4646657370939806,0.893300248138957816377
CAT000080,371,175,330,21.64,258.37,131.47563342318057,69.08432372199009,236.73,0.5254534389625521,0.867924528301886792452
