PricingDecisionID,DecisionTime,ProductID,StoreID,Channel,CurrentPrice,AppliedPrice,PurchasedFlag,QuantityPurchased,CategoryID,BrandID,BasePrice,Season,RegionID,StoreType,ClimateZone,LoyaltyTier,CustomerSegment,PreferredChannel,FavoriteCategoryID,FavoriteBrandID,PriceSensitivity,CategoryAffinityScore,BrandAffinityScore,active_history_selling_price,history_discount_pct,days_since_current_price_started,previous_selling_price,previous_price_change_pct,active_price_history_id,price_history_current_price_delta,price_history_current_price_mismatch,active_history_promotion_id,active_promotion_flag,active_promotion_discount_pct,product_store_sales_7d,product_store_sales_14d,product_store_sales_30d,product_region_sales_7d,product_region_sales_14d,product_region_sales_30d,product_sales_7d,product_sales_14d,product_sales_30d,product_sales_60d,product_sales_90d,category_store_sales_7d,category_store_sales_14d,category_store_sales_30d,category_sales_7d,category_sales_14d,category_sales_30d,product_sales_velocity_7d,product_sales_velocity_30d,product_sales_velocity_90d,product_sales_velocity_ratio_7d_30d,days_since_last_product_sale,competitor_price_exact_channel,competitor_price_region_fallback,competitor_price_product_fallback,competitor_price_available,competitor_price_age_days,competitor_match_level,competitor_price,product_views_1h,product_views_24h,product_views_168h,product_views_720h,cart_additions_1h,cart_additions_24h,cart_additions_168h,cart_additions_720h,search_clicks_1h,search_clicks_24h,search_clicks_168h,search_clicks_720h,decision_month,decision_quarter,decision_day_of_week,decision_is_weekend,weather_temperature,weather_condition,weather_precipitation,is_holiday,holiday_sales_impact_factor,holiday_count,price_change_amount,price_change_pct,price_vs_base_pct,discount_from_base_pct,price_vs_competitor_pct,current_vs_base_pct
PDL000000000016978,2025-01-01 08:12:26,PRO001439,STO000043,Mobile,82.24,79.86,1,1,CAT000039,BRA000088,81.06,All,REG000009,Urban,Cold Continental,Silver,Premium Professional,Mobile,CAT000039,BRA000038,High,0.58094,0.65493,82.24,0.0,0.3419675925925926,,,PPH000000000024064,0.0,False,,0,,0.0,0.0,0.0,0.0,0.0,0.0,0.0,0.0,0.0,0.0,0.0,0.0,0.0,0.0,0.0,0.0,0.0,,,,,,,,,0,,NONE,,0.0,0.0,0.0,0.0,0.0,0.0,0.0,0.0,0.0,0.0,0.0,0.0,1,1,2,0,32,Partly Cloudy,0.0,1,1.15,1,-2.3799999999999955,-0.028939688715953253,-0.014803849000740226,0.014803849000740226,,0.014557118184061097
PDL000000000018863,2025-01-01 08:37:28,PRO002885,STO000038,Web,26.81,29.67,0,0,CAT000076,BRA000071,26.44,Fall,REG000007,Suburban,Continental,Silver,Seasonal Gift Shopper,Mobile,CAT000042,BRA000071,Low,0.58413,0.73805,26.81,0.0,0.35935185185185187,,,PPH000000000047898,0.0,False,,0,,0.0,0.0,0.0,0.0,0.0,0.0,0.0,0.0,0.0,0.0,0.0,0.0,0.0,0.0,0.0,0.0,0.0,,,,,,,,,0,,NONE,,0.0,0.0,0.0,0.0,0.0,0.0,0.0,0.0,1.0,1.0,1.0,1.0,1,1,2,0,26,Cloudy,0.0,1,1.15,1,2.860000000000003,0.10667661320402846,0.12216338880484116,-0.12216338880484116,,0.013993948562783564
PDL000000000007093,2025-01-01 09:02:17,PRO002885,STO000038,Web,26.81,27.13,0,0,CAT000076,BRA000071,26.44,Fall,REG000007,Suburban,Continental,Silver,Seasonal Gift Shopper,Mobile,CAT000042,BRA000071,Low,0.58413,0.73805,26.81,0.0,0.37658564814814816,,,PPH000000000047898,0.0,False,,0,,0.0,0.0,0.0,0.0,0.0,0.0,0.0,0.0,0.0,0.0,0.0,0.0,0.0,0.0,0.0,0.0,0.0,,,,,,,,,0,,NONE,,1.0,1.0,1.0,1.0,0.0,0.0,0.0,0.0,1.0,1.0,1.0,1.0,1,1,2,0,26,Cloudy,0.0,1,1.15,1,0.3200000000000003,0.011935844834017169,0.026096822995461334,-0.026096822995461334,,0.013993948562783564
PDL000000000023897,2025-01-01 09:18:33,PRO001391,STO000043,Store,102.96,106.18,0,0,CAT000038,BRA000126,103.18,Spring,REG000009,Urban,Cold Continental,Bronze,Technology Early Adopter,Omnichannel,CAT000037,BRA000126,Medium,0.88654,0.51191,102.96,0.21,0.38788194444444446,,,PPH000000000023110,0.0,False,,0,,0.0,0.0,0.0,0.0,0.0,0.0,0.0,0.0,0.0,0.0,0.0,0.0,0.0,0.0,0.0,0.0,0.0,,,,,,,,,0,,NONE,,1.0,1.0,1.0,1.0,0.0,0.0,0.0,0.0,0.0,0.0,0.0,0.0,1,1,2,0,32,Partly Cloudy,0.0,1,1.15,1,3.220000000000013,0.031274281274281404,0.029075402209730566,-0.029075402209730566,,-0.002132196162047035
PDL000000000022685,2025-01-01 09:30:28,PRO002515,STO000043,Web,16.88,18.3,0,0,CAT000063,BRA000119,16.95,All,REG000009,Urban,Cold Continental,Silver,Technology Early Adopter,Web,CAT000079,BRA000064,Low,0.72939,0.87493,16.88,0.41,0.3961574074074074,,,PPH000000000041993,0.0,False,,0,,0.0,0.0,0.0,0.0,0.0,0.0,0.0,0.0,0.0,0.0,0.0,0.0,0.0,0.0,0.0,0.0,0.0,,,,,,,,,0,,NONE,,1.0,1.0,1.0,1.0,0.0,0.0,0.0,0.0,0.0,0.0,0.0,0.0,1,1,2,0,32,Partly Cloudy,0.0,1,1.15,1,1.4200000000000017,0.08412322274881527,0.07964601769911513,-0.07964601769911513,,-0.004129793510324501
PDL000000000013688,2025-01-01 09:32:33,PRO000172,STO000048,Mobile,135.97,148.04,0,0,CAT000013,BRA000064,136.27,Fall,REG000010,Suburban,Humid Subtropical,Silver,Technology Early Adopter,Web,CAT000079,BRA000064,Low,0.72939,0.87493,135.97,0.22,0.39760416666666665,,,PPH000000000002895,0.0,False,,0,,0.0,0.0,0.0,0.0,0.0,0.0,0.0,0.0,0.0,0.0,0.0,0.0,0.0,0.0,0.0,0.0,0.0,,,,,,,,,0,,NONE,,1.0,1.0,1.0,1.0,0.0,0.0,0.0,0.0,1.0,1.0,1.0,1.0,1,1,2,0,47,Windy,0.0,1,1.15,1,12.069999999999993,0.08876958152533643,0.08637264254788274,-0.08637264254788274,,-0.00220151170470398
PDL000000000010715,2025-01-01 09:36:22,PRO001849,STO000041,Web,203.72,221.5,0,0,CAT000047,BRA000114,201.28,Spring,REG000008,Outlet,Hot Arid,Bronze,Premium Professional,Web,CAT000078,BRA000055,Low,0.65433,0.84433,203.72,0.0,0.40025462962962965,,,PPH000000000030791,0.0,False,,0,,0.0,0.0,0.0,0.0,0.0,0.0,0.0,0.0,0.0,0.0,0.0,0.0,0.0,0.0,0.0,0.0,0.0,,,,,,,,,0,,NONE,,1.0,1.0,1.0,1.0,1.0,1.0,1.0,1.0,0.0,0.0,0.0,0.0,1,1,2,0,61,Partly Cloudy,0.0,1,1.15,1,17.78,0.08727665423129786,0.1004570747217806,-0.1004570747217806,,0.01212241653418123
PDL000000000005323,2025-01-01 09:41:23,PRO002939,STO000046,Web,79.58,83.05,0,0,CAT000078,BRA000071,81.04,Fall,REG000009,Suburban,Cold Continental,Bronze,Premium Professional,Web,CAT000078,BRA000055,Low,0.65433,0.84433,79.58,1.8,0.4037384259259259,,,PPH000000000048854,0.0,False,,0,,0.0,0.0,0.0,0.0,0.0,0.0,0.0,0.0,0.0,0.0,0.0,0.0,0.0,0.0,0.0,0.0,0.0,,,,,,,,,0,,NONE,,1.0,1.0,1.0,1.0,0.0,0.0,0.0,0.0,0.0,0.0,0.0,0.0,1,1,2,0,32,Partly Cloudy,0.0,1,1.15,1,3.469999999999999,0.043603920583061055,0.024802566633760993,-0.024802566633760993,,-0.018015794669299208
PDL000000000001606,2025-01-01 10:22:10,PRO002921,STO000024,Mobile,161.14,159.04,0,0,CAT000078,BRA000008,163.0,Winter,REG000005,Outlet,Hot Subtropical,Bronze,Premium Professional,Mobile,CAT000078,BRA000008,Medium,0.74268,0.58123,161.14,1.14,0.4320601851851852,,,PPH000000000048534,0.0,False,,0,,0.0,0.0,0.0,0.0,0.0,0.0,0.0,0.0,0.0,0.0,0.0,0.0,0.0,0.0,0.0,0.0,0.0,,,,,,,,,0,,NONE,,1.0,1.0,1.0,1.0,0.0,0.0,0.0,0.0,0.0,0.0,0.0,0.0,1,1,2,0,50,Windy,0.0,1,1.15,1,-2.0999999999999943,-0.013032145960034719,-0.02429447852760741,0.02429447852760741,,-0.011411042944785359
PDL000000000020531,2025-01-01 10:27:47,PRO000074,STO000034,Store,124.26,111.91,0,0,CAT000012,BRA000033,120.47,Summer,REG000007,Suburban,Continental,Platinum,Premium Professional,Web,CAT000017,BRA000033,Medium,0.93994,0.57517,124.26,0.0,0.43596064814814817,,,PPH000000000001175,0.0,False,,0,,0.0,0.0,0.0,0.0,0.0,0.0,0.0,0.0,0.0,0.0,0.0,0.0,0.0,0.0,0.0,0.0,0.0,,,,,,,,,0,,NONE,,1.0,1.0,1.0,1.0,0.0,0.0,0.0,0.0,1.0,1.0,1.0,1.0,1,1,2,0,26,Cloudy,0.0,1,1.15,1,-12.350000000000009,-0.09938837920489303,-0.07105503444841041,0.07105503444841041,,0.03146011455134064
PDL000000000003933,2025-01-01 10:44:35,PRO000628,STO000004,Mobile,107.58,115.01,0,0,CAT000022,BRA000052,105.59,Summer,REG000001,Suburban,Mountain Cold,Platinum,Fitness Shopper,Mobile,CAT000022,BRA000110,High,0.7461,0.53194,107.58,0.0,0.4476273148148148,,,PPH000000000010429,0.0,False,,0,,0.0,0.0,0.0,0.0,0.0,0.0,0.0,0.0,0.0,0.0,0.0,0.0,0.0,0.0,0.0,0.0,0.0,,,,,,,,,0,,NONE,,1.0,1.0,1.0,1.0,1.0,1.0,1.0,1.0,0.0,0.0,0.0,0.0,1,1,2,0,32,Snow,0.17,1,1.15,1,7.430000000000007,0.0690648819483176,0.08921299365470216,-0.08921299365470216,,0.018846481674400936
PDL000000000032036,2025-01-01 10:50:12,PRO002515,STO000043,Web,16.88,18.3,0,0,CAT000063,BRA000119,16.95,All,REG000009,Urban,Cold Continental,Silver,Technology Early Adopter,Web,CAT000079,BRA000064,Low,0.72939,0.87493,16.88,0.41,0.45152777777777775,,,PPH000000000041993,0.0,False,,0,,0.0,0.0,0.0,0.0,0.0,0.0,0.0,0.0,0.0,0.0,0.0,0.0,0.0,0.0,0.0,0.0,0.0,,,,,,,,,0,,NONE,,0.0,1.0,1.0,1.0,0.0,0.0,0.0,0.0,0.0,0.0,0.0,0.0,1,1,2,0,32,Partly Cloudy,0.0,1,1.15,1,1.4200000000000017,0.08412322274881527,0.07964601769911513,-0.07964601769911513,,-0.004129793510324501
PDL000000000021592,2025-01-01 11:14:50,PRO001480,STO000037,Mobile,458.17,418.88,0,0,CAT000040,BRA000049,451.35,All,REG000007,Outlet,Continental,Bronze,Technology Early Adopter,Mobile,CAT000044,BRA000049,Medium,0.76324,0.64115,458.17,0.0,0.4686342592592593,,,PPH000000000024721,0.0,False,,0,,0.0,0.0,0.0,0.0,0.0,0.0,0.0,0.0,0.0,0.0,0.0,0.0,0.0,0.0,0.0,0.0,0.0,,,,,,,,,0,,NONE,,1.0,1.0,1.0,1.0,0.0,0.0,0.0,0.0,0.0,0.0,0.0,0.0,1,1,2,0,26,Cloudy,0.0,1,1.15,1,-39.29000000000002,-0.08575419604077093,-0.07193973634651607,0.07193973634651607,,0.015110224880912801
PDL000000000031427,2025-01-01 11:20:16,PRO000514,STO000037,Kiosk,197.05,174.92,1,1,CAT000019,BRA000049,189.47,All,REG000007,Outlet,Continental,Bronze,Technology Early Adopter,Mobile,CAT000044,BRA000049,Medium,0.76324,0.64115,197.05,0.0,0.4724074074074074,,,PPH000000000008372,0.0,False,,0,,0.0,0.0,0.0,0.0,0.0,0.0,0.0,0.0,0.0,0.0,0.0,0.0,0.0,0.0,0.0,0.0,0.0,,,,,,,,,0,,NONE,,1.0,1.0,1.0,1.0,0.0,0.0,0.0,0.0,0.0,0.0,0.0,0.0,1,1,2,0,26,Cloudy,0.0,1,1.15,1,-22.130000000000024,-0.11230652118751597,-0.07679315986699747,0.07679315986699747,,0.04000633345648394
PDL000000000020055,2025-01-01 11:22:50,PRO000105,STO000002,Email,158.32,153.17,0,0,CAT000012,BRA000140,151.56,Winter,REG000001,Outlet,Mountain Cold,Platinum,Infrequent Convenience Shopper,Omnichannel,CAT000012,BRA000112,Medium,0.65686,0.54222,158.32,0.0,0.4741898148148148,,,PPH000000000001731,0.0,False,,0,,0.0,0.0,0.0,0.0,0.0,0.0,0.0,0.0,0.0,0.0,0.0,0.0,0.0,0.0,0.0,0.0,0.0,,,,,,,,,0,,NONE,,1.0,1.0,1.0,1.0,0.0,0.0,0.0,0.0,0.0,0.0,0.0,0.0,1,1,2,0,32,Snow,0.17,1,1.15,1,-5.150000000000006,-0.03252905507832242,0.010622855634732021,-0.010622855634732021,,0.04460279757191865
PDL000000000009250,2025-01-01 11:36:28,PRO000550,STO000033,Mobile,151.66,142.29,0,0,CAT000020,BRA000049,148.4,Summer,REG000006,Suburban,Humid Continental,Silver,Outdoor Enthusiast,Mobile,CAT000020,BRA000093,Medium,0.79635,0.64438,151.66,0.0,0.4836574074074074,,,PPH000000000009064,0.0,False,,0,,0.0,0.0,0.0,0.0,0.0,0.0,0.0,0.0,0.0,0.0,0.0,0.0,0.0,0.0,0.0,0.0,0.0,,,,,,,,,0,,NONE,,1.0,1.0,1.0,1.0,0.0,0.0,0.0,0.0,0.0,0.0,0.0,0.0,1,1,2,0,34,Windy,0.0,1,1.15,1,-9.370000000000005,-0.06178293551364898,-0.04117250673854456,0.04117250673854456,,0.02196765498652285
PDL000000000018096,2025-01-01 11:37:43,PRO000550,STO000033,Mobile,151.66,156.71,0,0,CAT000020,BRA000049,148.4,Summer,REG000006,Suburban,Humid Continental,Silver,Outdoor Enthusiast,Mobile,CAT000020,BRA000093,Medium,0.79635,0.64438,151.66,0.0,0.48452546296296295,,,PPH000000000009064,0.0,False,,0,,0.0,0.0,0.0,0.0,0.0,0.0,0.0,0.0,0.0,0.0,0.0,0.0,0.0,0.0,0.0,0.0,0.0,,,,,,,,,0,,NONE,,1.0,1.0,1.0,1.0,1.0,1.0,1.0,1.0,0.0,0.0,0.0,0.0,1,1,2,0,34,Windy,0.0,1,1.15,1,5.050000000000011,0.033298166952393585,0.05599730458221026,-0.05599730458221026,,0.02196765498652285
PDL000000000019235,2025-01-01 12:03:07,PRO001314,STO000043,Web,119.78,124.45,0,0,CAT000036,BRA000146,117.66,Summer,REG000009,Urban,Cold Continental,Silver,Infrequent Convenience Shopper,Store,CAT000080,BRA000146,Medium,0.7791,0.6596,119.78,0.0,0.5021643518518518,,,PPH000000000021770,0.0,False,,0,,0.0,0.0,0.0,0.0,0.0,0.0,0.0,0.0,0.0,0.0,0.0,0.0,0.0,0.0,0.0,0.0,0.0,,,,,,,,,0,,NONE,,0.0,0.0,0.0,0.0,0.0,0.0,0.0,0.0,1.0,1.0,1.0,1.0,1,1,2,0,32,Partly Cloudy,0.0,1,1.15,1,4.670000000000002,0.03898814493237604,0.057708652048274744,-0.057708652048274744,,0.018018018018018056
PDL000000000034909,2025-01-01 12:13:17,PRO001007,STO000019,Mobile,273.2,273.2,0,0,CAT000029,BRA000136,305.94,Summer,REG000004,Suburban,Mediterranean,Silver,Home and Lifestyle Shopper,Mobile,CAT000047,BRA000136,Medium,0.7212,0.87012,273.2,10.7,0.5092245370370371,,,PPH000000000016739,0.0,False,,0,,0.0,0.0,0.0,0.0,0.0,0.0,0.0,0.0,0.0,0.0,0.0,0.0,0.0,0.0,0.0,0.0,0.0,,,,,,,,,0,,NONE,,1.0,1.0,1.0,1.0,0.0,0.0,0.0,0.0,0.0,0.0,0.0,0.0,1,1,2,0,67,Clear,0.0,1,1.15,1,0.0,0.0,-0.10701444727724393,0.10701444727724393,,-0.10701444727724393
PDL000000000013070,2025-01-01 12:20:53,PRO002325,STO000017,Email,30.33,31.29,0,0,CAT000057,BRA000070,30.26,All,REG000004,Urban,Mediterranean,Silver,Seasonal Gift Shopper,Mobile,CAT000057,BRA000013,Low,0.80662,0.94608,30.33,0.0,0.5145023148148148,,,PPH000000000038778,0.0,False,,0,,0.0,0.0,0.0,0.0,0.0,0.0,0.0,0.0,0.0,0.0,0.0,0.0,0.0,0.0,0.0,0.0,0.0,,,,,,,,,0,,NONE,,1.0,1.0,1.0,1.0,0.0,0.0,0.0,0.0,0.0,0.0,0.0,0.0,1,1,2,0,67,Clear,0.0,1,1.15,1,0.9600000000000009,0.03165182987141447,0.034038334434897476,-0.034038334434897476,,0.0023132848645074926
PDL000000000005454,2025-01-01 12:21:11,PRO002325,STO000017,Email,30.33,32.99,1,1,CAT000057,BRA000070,30.26,All,REG000004,Urban,Mediterranean,Silver,Seasonal Gift Shopper,Mobile,CAT000057,BRA000013,Low,0.80662,0.94608,30.33,0.0,0.5147106481481482,,,PPH000000000038778,0.0,False,,0,,0.0,0.0,0.0,0.0,0.0,0.0,0.0,0.0,0.0,0.0,0.0,0.0,0.0,0.0,0.0,0.0,0.0,,,,,,,,,0,,NONE,,1.0,1.0,1.0,1.0,1.0,1.0,1.0,1.0,0.0,0.0,0.0,0.0,1,1,2,0,67,Clear,0.0,1,1.15,1,2.6600000000000037,0.08770194526871097,0.09021810971579644,-0.09021810971579644,,0.0023132848645074926
PDL000000000011252,2025-01-01 12:26:49,PRO002560,STO000044,Web,60.95,57.62,0,0,CAT000064,BRA000002,59.65,All,REG000009,Urban,Cold Continental,Silver,Budget-Conscious Family,Web,CAT000064,BRA000149,High,0.5906,0.62846,60.95,0.0,0.5186226851851852,,,PPH000000000042671,0.0,False,,0,,0.0,0.0,0.0,0.0,0.0,0.0,0.0,0.0,0.0,0.0,0.0,0.0,0.0,0.0,0.0,0.0,0.0,,,,,,,,,0,,NONE,,0.0,0.0,0.0,0.0,0.0,0.0,0.0,0.0,1.0,1.0,1.0,1.0,1,1,2,0,32,Partly Cloudy,0.0,1,1.15,1,-3.3300000000000054,-0.05463494667760468,-0.03403185247275777,0.03403185247275777,,0.021793797150041982
PDL000000000034567,2025-01-01 12:38:04,PRO001439,STO000023,Email,81.4,74.91,1,1,CAT000039,BRA000088,81.06,All,REG000005,Urban,Hot Subtropical,Gold,Seasonal Gift Shopper,Mobile,CAT000039,BRA000107,High,0.56443,0.93288,81.4,0.0,0.5264351851851852,,,PPH000000000024057,0.0,False,,0,,0.0,0.0,0.0,0.0,0.0,0.0,0.0,0.0,0.0,0.0,0.0,0.0,0.0,0.0,0.0,0.0,0.0,,,,,,,,,0,,NONE,,1.0,1.0,1.0,1.0,0.0,0.0,0.0,0.0,0.0,0.0,0.0,0.0,1,1,2,0,50,Windy,0.0,1,1.15,1,-6.490000000000009,-0.07972972972972983,-0.07586972612879356,0.07586972612879356,,0.004194423883543096
PDL000000000015518,2025-01-01 12:53:41,PRO000137,STO000045,Web,51.07,55.45,1,1,CAT000013,BRA000108,56.05,All,REG000009,Suburban,Cold Continental,Silver,Home and Lifestyle Shopper,Web,CAT000079,BRA000064,Medium,0.74367,0.88479,51.07,8.88,0.5372800925925926,,,PPH000000000002259,0.0,False,,0,,0.0,0.0,0.0,0.0,0.0,0.0,0.0,0.0,0.0,0.0,0.0,0.0,0.0,0.0,0.0,0.0,0.0,,,,,,,,,0,,NONE,,0.0,0.0,0.0,0.0,0.0,0.0,0.0,0.0,1.0,1.0,1.0,1.0,1,1,2,0,32,Partly Cloudy,0.0,1,1.15,1,4.380000000000003,0.08576463677305664,-0.01070472792149856,0.01070472792149856,,-0.08884924174843885
PDL000000000011801,2025-01-01 13:07:31,PRO000135,STO000043,Web,72.2,78.28,1,2,CAT000013,BRA000028,78.84,Summer,REG000009,Urban,Cold Continental,Silver,Home and Lifestyle Shopper,Web,CAT000079,BRA000064,Medium,0.74367,0.88479,72.2,8.42,0.546886574074074,,,PPH000000000002216,0.0,False,,0,,0.0,0.0,0.0,0.0,0.0,0.0,0.0,0.0,0.0,0.0,0.0,0.0,0.0,0.0,0.0,0.0,0.0,,,,,,,,,0,,NONE,,1.0,1.0,1.0,1.0,1.0,1.0,1.0,1.0,0.0,0.0,0.0,0.0,1,1,2,0,32,Partly Cloudy,0.0,1,1.15,1,6.079999999999998,0.08421052631578944,-0.007102993404363296,0.007102993404363296,,-0.08422120750887875
PDL000000000011731,2025-01-01 13:16:42,PRO001940,STO000011,Email,64.53,71.65,0,0,CAT000049,BRA000069,64.29,All,REG000003,Suburban,Marine West Coast,Bronze,Premium Professional,Web,CAT000071,BRA000069,High,0.91157,0.60585,64.53,0.0,0.5532638888888889,,,PPH000000000032234,0.0,False,,0,,0.0,0.0,0.0,0.0,0.0,0.0,0.0,0.0,0.0,0.0,0.0,0.0,0.0,0.0,0.0,0.0,0.0,,,,,,,,,0,,NONE,,1.0,1.0,1.0,1.0,1.0,1.0,1.0,1.0,0.0,0.0,0.0,0.0,1,1,2,0,49,Heavy Rain,1.68,1,1.15,1,7.1200000000000045,0.1103362777002945,0.11448125680510186,-0.11448125680510186,,0.003733084461035851
PDL000000000009111,2025-01-01 13:18:31,PRO001940,STO000026,Store,64.87,69.46,0,0,CAT000049,BRA000069,64.29,All,REG000005,Suburban,Hot Subtropical,Bronze,Premium Professional,Web,CAT000071,BRA000069,High,0.91157,0.60585,64.87,0.0,0.554525462962963,,,PPH000000000032246,0.0,False,,0,,0.0,0.0,0.0,0.0,0.0,0.0,0.0,0.0,0.0,0.0,0.0,0.0,0.0,0.0,0.0,0.0,0.0,,,,,,,,,0,,NONE,,1.0,1.0,1.0,1.0,1.0,1.0,1.0,1.0,0.0,0.0,0.0,0.0,1,1,2,0,50,Windy,0.0,1,1.15,1,4.589999999999989,0.07075689841220886,0.08041686109814881,-0.08041686109814881,,0.009021620780836806
PDL000000000005169,2025-01-01 13:21:54,PRO002750,STO000024,Kiosk,171.08,171.08,1,1,CAT000071,BRA000049,167.44,Fall,REG000005,Outlet,Hot Subtropical,Bronze,Premium Professional,Web,CAT000071,BRA000069,High,0.91157,0.60585,171.08,0.0,0.556875,,,PPH000000000045889,0.0,False,,0,,0.0,0.0,0.0,0.0,0.0,0.0,0.0,0.0,0.0,0.0,0.0,0.0,0.0,0.0,0.0,0.0,0.0,,,,,,,,,0,,NONE,,1.0,1.0,1.0,1.0,1.0,1.0,1.0,1.0,0.0,0.0,0.0,0.0,1,1,2,0,50,Windy,0.0,1,1.15,1,0.0,0.0,0.0217391304347827,-0.0217391304347827,,0.0217391304347827
PDL000000000010139,2025-01-01 13:22:16,PRO001896,STO000015,Mobile,269.0,247.02,0,0,CAT000048,BRA000016,264.2,All,REG000003,Suburban,Marine West Coast,Bronze,Home and Lifestyle Shopper,Mobile,CAT000074,BRA000093,Medium,0.83816,0.62846,269.0,0.0,0.5571296296296296,,,PPH000000000031518,0.0,False,,0,,0.0,0.0,0.0,0.0,0.0,0.0,0.0,0.0,0.0,0.0,0.0,0.0,0.0,0.0,0.0,0.0,0.0,,,,,,,,,0,,NONE,,0.0,0.0,0.0,0.0,0.0,0.0,0.0,0.0,1.0,1.0,1.0,1.0,1,1,2,0,49,Heavy Rain,1.68,1,1.15,1,-21.97999999999999,-0.08171003717472115,-0.06502649507948516,0.06502649507948516,,0.018168054504163558
PDL000000000028958,2025-01-01 13:30:07,PRO001896,STO000015,Mobile,269.0,265.54,0,0,CAT000048,BRA000016,264.2,All,REG000003,Suburban,Marine West Coast,Bronze,Home and Lifestyle Shopper,Mobile,CAT000074,BRA000093,Medium,0.83816,0.62846,269.0,0.0,0.5625810185185185,,,PPH000000000031518,0.0,False,,0,,0.0,0.0,0.0,0.0,0.0,0.0,0.0,0.0,0.0,0.0,0.0,0.0,0.0,0.0,0.0,0.0,0.0,,,,,,,,,0,,NONE,,1.0,1.0,1.0,1.0,0.0,0.0,0.0,0.0,1.0,1.0,1.0,1.0,1,1,2,0,49,Heavy Rain,1.68,1,1.15,1,-3.4599999999999795,-0.012862453531598437,0.005071915215745768,-0.005071915215745768,,0.018168054504163558
PDL000000000025009,2025-01-01 13:53:19,PRO002983,STO000050,Online,41.99,45.87,0,0,CAT000080,BRA000124,41.63,Fall,REG000010,Urban,Humid Subtropical,Silver,Infrequent Convenience Shopper,Store,CAT000080,BRA000120,Medium,0.5836,0.5031,41.99,0.0,0.5786921296296297,,,PPH000000000049683,0.0,False,,0,,0.0,0.0,0.0,0.0,0.0,0.0,0.0,0.0,0.0,0.0,0.0,0.0,0.0,0.0,0.0,0.0,0.0,,,,,,,,,0,,NONE,,1.0,1.0,1.0,1.0,0.0,0.0,0.0,0.0,0.0,0.0,0.0,0.0,1,1,2,0,47,Windy,0.0,1,1.15,1,3.8799999999999955,0.09240295308406753,0.10184962767235153,-0.10184962767235153,,0.00864760989670909
PDL000000000020627,2025-01-01 14:03:34,PRO002271,STO000035,Web,58.21,64.33,0,0,CAT000056,BRA000015,57.13,All,REG000007,Suburban,Continental,Silver,Home and Lifestyle Shopper,Web,CAT000076,BRA000041,Low,0.58715,0.8463,58.21,0.0,0.5858101851851852,,,PPH000000000037820,0.0,False,,0,,0.0,0.0,0.0,0.0,0.0,0.0,0.0,0.0,0.0,0.0,0.0,0.0,0.0,0.0,0.0,0.0,0.0,,,,,,,,,0,,NONE,,1.0,1.0,1.0,1.0,1.0,1.0,1.0,1.0,0.0,0.0,0.0,0.0,1,1,2,0,26,Cloudy,0.0,1,1.15,1,6.119999999999997,0.1051365744717402,0.12602835638018547,-0.12602835638018547,,0.0189042534570278
PDL000000000000736,2025-01-01 14:14:14,PRO002879,STO000010,Kiosk,148.95,158.47,0,0,CAT000076,BRA000060,147.11,Winter,REG000002,Suburban,Tropical Warm,Silver,Home and Lifestyle Shopper,Web,CAT000076,BRA000041,Low,0.58715,0.8463,148.95,0.0,0.5932175925925925,,,PPH000000000047807,0.0,False,,0,,0.0,0.0,0.0,0.0,0.0,0.0,0.0,0.0,0.0,0.0,0.0,0.0,0.0,0.0,0.0,0.0,0.0,,,,,,,,,0,,NONE,,1.0,1.0,1.0,1.0,1.0,1.0,1.0,1.0,0.0,0.0,0.0,0.0,1,1,2,0,71,Cloudy,0.0,1,1.15,1,9.52000000000001,0.06391406512252441,0.07722112704778726,-0.07722112704778726,,0.012507647338725952
PDL000000000010523,2025-01-01 14:16:35,PRO002879,STO000010,Kiosk,148.95,158.47,0,0,CAT000076,BRA000060,147.11,Winter,REG000002,Suburban,Tropical Warm,Silver,Home and Lifestyle Shopper,Web,CAT000076,BRA000041,Low,0.58715,0.8463,148.95,0.0,0.594849537037037,,,PPH000000000047807,0.0,False,,0,,0.0,0.0,0.0,0.0,0.0,0.0,0.0,0.0,0.0,0.0,0.0,0.0,0.0,0.0,0.0,0.0,0.0,,,,,,,,,0,,NONE,,1.0,1.0,1.0,1.0,1.0,1.0,1.0,1.0,0.0,0.0,0.0,0.0,1,1,2,0,71,Cloudy,0.0,1,1.15,1,9.52000000000001,0.06391406512252441,0.07722112704778726,-0.07722112704778726,,0.012507647338725952
PDL000000000015767,2025-01-01 15:02:50,PRO001643,STO000028,Online,125.59,115.4,0,0,CAT000043,BRA000107,124.63,All,REG000005,Urban,Hot Subtropical,Silver,Budget-Conscious Family,Omnichannel,CAT000020,BRA000107,High,0.87236,0.76181,125.59,0.0,0.6269675925925926,,,PPH000000000027447,0.0,False,,0,,0.0,0.0,0.0,0.0,0.0,0.0,0.0,0.0,0.0,0.0,0.0,0.0,0.0,0.0,0.0,0.0,0.0,,,,,,,,,0,,NONE,,0.0,0.0,0.0,0.0,0.0,0.0,0.0,0.0,0.0,0.0,0.0,0.0,1,1,2,0,50,Windy,0.0,1,1.15,1,-10.189999999999998,-0.0811370332032805,-0.0740592152772205,0.0740592152772205,,0.007702800288855075
PDL000000000001458,2025-01-01 15:16:01,PRO001432,STO000021,Store,265.4,265.4,1,1,CAT000039,BRA000056,271.88,All,REG000004,Urban,Mediterranean,Silver,Seasonal Gift Shopper,Store,CAT000039,BRA000082,Medium,0.87342,0.86568,265.4,2.38,0.6361226851851852,,,PPH000000000023913,0.0,False,,0,,0.0,0.0,0.0,0.0,0.0,0.0,0.0,0.0,0.0,0.0,0.0,0.0,0.0,0.0,0.0,0.0,0.0,,,,,,,,,0,,NONE,,0.0,0.0,0.0,0.0,0.0,0.0,0.0,0.0,1.0,1.0,1.0,1.0,1,1,2,0,67,Clear,0.0,1,1.15,1,0.0,0.0,-0.023834044431366847,0.023834044431366847,,-0.023834044431366847
PDL000000000025151,2025-01-01 15:18:30,PRO001443,STO000044,Store,449.78,457.45,0,0,CAT000039,BRA000139,436.65,All,REG000009,Urban,Cold Continental,Silver,Seasonal Gift Shopper,Store,CAT000039,BRA000082,Medium,0.87342,0.86568,449.78,0.0,0.6378472222222222,,,PPH000000000024117,0.0,False,,0,,0.0,0.0,0.0,0.0,0.0,0.0,0.0,0.0,0.0,0.0,0.0,0.0,0.0,0.0,0.0,0.0,0.0,,,,,,,,,0,,NONE,,1.0,1.0,1.0,1.0,0.0,0.0,0.0,0.0,0.0,0.0,0.0,0.0,1,1,2,0,32,Partly Cloudy,0.0,1,1.15,1,7.670000000000016,0.017052781359775927,0.047635405931524134,-0.047635405931524134,,0.030069849994274582
PDL000000000014797,2025-01-01 15:22:09,PRO002936,STO000041,Store,105.87,110.43,0,0,CAT000078,BRA000060,120.84,All,REG000008,Outlet,Hot Arid,Silver,Premium Professional,Store,CAT000078,BRA000060,High,0.6339,0.94688,105.87,12.39,0.6403819444444444,,,PPH000000000048808,0.0,False,,0,,0.0,0.0,0.0,0.0,0.0,0.0,0.0,0.0,0.0,0.0,0.0,0.0,0.0,0.0,0.0,0.0,0.0,,,,,,,,,0,,NONE,,1.0,1.0,1.0,1.0,0.0,0.0,0.0,0.0,0.0,0.0,0.0,0.0,1,1,2,0,61,Partly Cloudy,0.0,1,1.15,1,4.560000000000002,0.04307169169736471,-0.08614697120158885,0.08614697120158885,,-0.12388282025819264
PDL000000000012208,2025-01-01 15:53:30,PRO001462,STO000013,Kiosk,164.31,155.06,0,0,CAT000040,BRA000127,162.6,All,REG000003,Urban,Marine West Coast,Bronze,Fitness Shopper,Omnichannel,CAT000037,BRA000082,High,0.8271,0.60213,164.31,0.0,0.6621527777777778,,,PPH000000000024399,0.0,False,,0,,0.0,0.0,0.0,0.0,0.0,0.0,0.0,0.0,0.0,0.0,0.0,0.0,0.0,0.0,0.0,0.0,0.0,,,,,,,,,0,,NONE,,1.0,1.0,1.0,1.0,0.0,0.0,0.0,0.0,0.0,0.0,0.0,0.0,1,1,2,0,49,Heavy Rain,1.68,1,1.15,1,-9.25,-0.056296025804881016,-0.0463714637146371,0.0463714637146371,,0.01051660516605171
PDL000000000010084,2025-01-01 15:58:50,PRO001707,STO000045,Web,305.83,333.08,1,1,CAT000044,BRA000063,307.77,All,REG000009,Suburban,Cold Continental,Gold,Fitness Shopper,Omnichannel,CAT000060,BRA000012,Low,0.84298,0.54897,305.83,0.63,0.6658564814814815,,,PPH000000000028464,0.0,False,,0,,0.0,0.0,0.0,0.0,0.0,0.0,0.0,0.0,0.0,0.0,0.0,0.0,0.0,0.0,0.0,0.0,0.0,,,,,,,,,0,,NONE,,1.0,1.0,1.0,1.0,0.0,0.0,0.0,0.0,0.0,0.0,0.0,0.0,1,1,2,0,32,Partly Cloudy,0.0,1,1.15,1,27.25,0.08910178857535232,0.08223673522435586,-0.08223673522435586,,-0.006303408389381674
PDL000000000004231,2025-01-01 16:02:23,PRO001707,STO000045,Web,305.83,333.08,1,1,CAT000044,BRA000063,307.77,All,REG000009,Suburban,Cold Continental,Gold,Fitness Shopper,Omnichannel,CAT000060,BRA000012,Low,0.84298,0.54897,305.83,0.63,0.6683217592592593,,,PPH000000000028464,0.0,False,,0,,0.0,0.0,0.0,0.0,0.0,0.0,0.0,0.0,0.0,0.0,0.0,0.0,0.0,0.0,0.0,0.0,0.0,,,,,,,,,0,,NONE,,1.0,1.0,1.0,1.0,1.0,1.0,1.0,1.0,0.0,0.0,0.0,0.0,1,1,2,0,32,Partly Cloudy,0.0,1,1.15,1,27.25,0.08910178857535232,0.08223673522435586,-0.08223673522435586,,-0.006303408389381674
PDL000000000014780,2025-01-01 16:05:53,PRO001358,STO000009,Kiosk,81.53,74.1,0,0,CAT000037,BRA000116,80.32,All,REG000002,Urban,Tropical Warm,Bronze,Fitness Shopper,Omnichannel,CAT000037,BRA000082,High,0.8271,0.60213,81.53,0.0,0.6707523148148148,,,PPH000000000022515,0.0,False,,0,,0.0,0.0,0.0,0.0,0.0,0.0,0.0,0.0,0.0,0.0,0.0,0.0,0.0,0.0,0.0,0.0,0.0,,,,,,,,,0,,NONE,,1.0,1.0,1.0,1.0,0.0,0.0,0.0,0.0,0.0,0.0,0.0,0.0,1,1,2,0,71,Cloudy,0.0,1,1.15,1,-7.430000000000007,-0.0911320986140072,-0.07744023904382469,0.07744023904382469,,0.015064741035856675
PDL000000000015229,2025-01-01 16:09:21,PRO001358,STO000009,Kiosk,81.53,83.18,0,0,CAT000037,BRA000116,80.32,All,REG000002,Urban,Tropical Warm,Bronze,Fitness Shopper,Omnichannel,CAT000037,BRA000082,High,0.8271,0.60213,81.53,0.0,0.6731597222222222,,,PPH000000000022515,0.0,False,,0,,0.0,0.0,0.0,0.0,0.0,0.0,0.0,0.0,0.0,0.0,0.0,0.0,0.0,0.0,0.0,0.0,0.0,,,,,,,,,0,,NONE,,1.0,1.0,1.0,1.0,1.0,1.0,1.0,1.0,0.0,0.0,0.0,0.0,1,1,2,0,71,Cloudy,0.0,1,1.15,1,1.6500000000000057,0.02023794922114566,0.03560756972111571,-0.03560756972111571,,0.015064741035856675
PDL000000000007228,2025-01-01 16:25:08,PRO002175,STO000041,Web,65.05,62.51,1,1,CAT000053,BRA000134,63.71,All,REG000008,Outlet,Hot Arid,Bronze,Home and Lifestyle Shopper,Web,CAT000053,BRA000020,Medium,0.78286,0.56364,65.05,0.0,0.6841203703703703,,,PPH000000000036263,0.0,False,,0,,0.0,0.0,0.0,0.0,0.0,0.0,0.0,0.0,0.0,0.0,0.0,0.0,0.0,0.0,0.0,0.0,0.0,,,,,,,,60.2,1,0.1741087962962963,PRODUCT_FALLBACK,60.2,2.0,2.0,2.0,2.0,0.0,0.0,0.0,0.0,0.0,0.0,0.0,0.0,1,1,2,0,61,Partly Cloudy,0.0,1,1.15,1,-2.539999999999999,-0.0390468870099923,-0.01883534766912577,0.01883534766912577,0.038372093023255734,0.021032804897190335
PDL000000000025623,2025-01-01 16:58:10,PRO000541,STO000026,Mobile,125.43,125.43,0,0,CAT000020,BRA000145,124.92,Spring,REG000005,Suburban,Hot Subtropical,Silver,Budget-Conscious Family,Omnichannel,CAT000020,BRA000107,High,0.87236,0.76181,125.43,0.0,0.7070601851851852,,,PPH000000000008852,0.0,False,,0,,0.0,0.0,0.0,0.0,0.0,0.0,0.0,0.0,0.0,0.0,0.0,0.0,0.0,0.0,0.0,0.0,0.0,,,,,,,,,0,,NONE,,0.0,0.0,0.0,0.0,0.0,0.0,0.0,0.0,0.0,0.0,0.0,0.0,1,1,2,0,50,Windy,0.0,1,1.15,1,0.0,0.0,0.004082612872238273,-0.004082612872238273,,0.004082612872238273
PDL000000000007186,2025-01-01 17:00:15,PRO002196,STO000027,Mobile,132.15,144.11,0,0,CAT000053,BRA000081,130.87,All,REG000005,Urban,Hot Subtropical,Bronze,Budget-Conscious Family,Store,CAT000015,BRA000081,Low,0.56891,0.76938,132.15,0.0,0.7085069444444444,,,PPH000000000036563,0.0,False,,0,,0.0,0.0,0.0,0.0,0.0,0.0,0.0,0.0,0.0,0.0,0.0,0.0,0.0,0.0,0.0,0.0,0.0,,,,,,,,,0,,NONE,,1.0,1.0,1.0,1.0,0.0,0.0,0.0,0.0,0.0,0.0,0.0,0.0,1,1,2,0,50,Windy,0.0,1,1.15,1,11.960000000000008,0.09050321604237614,0.1011690991059831,-0.1011690991059831,,0.009780698402995348
PDL000000000023460,2025-01-01 17:20:50,PRO001408,STO000001,Email,226.1,246.45,0,0,CAT000038,BRA000006,208.13,Spring,REG000001,Urban,Mountain Cold,Bronze,Budget-Conscious Family,Store,CAT000015,BRA000081,Low,0.56891,0.76938,226.1,0.0,0.7228009259259259,,,PPH000000000023441,0.0,False,,0,,0.0,0.0,0.0,0.0,0.0,0.0,0.0,0.0,0.0,0.0,0.0,0.0,0.0,0.0,0.0,0.0,0.0,,,,,,,,,0,,NONE,,1.0,1.0,1.0,1.0,0.0,0.0,0.0,0.0,0.0,0.0,0.0,0.0,1,1,2,0,32,Snow,0.17,1,1.15,1,20.349999999999994,0.09000442282176026,0.18411569692019408,-0.18411569692019408,,0.08634026810166723
PDL000000000019702,2025-01-01 17:20:51,PRO001408,STO000005,Kiosk,205.65,219.75,0,0,CAT000038,BRA000006,208.13,Spring,REG000002,Suburban,Tropical Warm,Bronze,Budget-Conscious Family,Store,CAT000015,BRA000081,Low,0.56891,0.76938,205.65,1.19,0.7228125,,,PPH000000000023444,0.0,False,,0,,0.0,0.0,0.0,0.0,0.0,0.0,0.0,0.0,0.0,0.0,0.0,0.0,0.0,0.0,0.0,0.0,0.0,,,,,,,,,0,,NONE,,1.0,1.0,1.0,1.0,1.0,1.0,1.0,1.0,0.0,0.0,0.0,0.0,1,1,2,0,71,Cloudy,0.0,1,1.15,1,14.099999999999994,0.06856309263311448,0.055830490558785396,-0.055830490558785396,,-0.011915629654542785
PDL000000000034485,2025-01-01 17:37:31,PRO001506,STO000043,Store,290.64,266.17,0,0,CAT000041,BRA000124,292.61,All,REG000009,Urban,Cold Continental,Bronze,Seasonal Gift Shopper,Store,CAT000039,BRA000124,High,0.71464,0.77919,290.64,0.67,0.734386574074074,,,PPH000000000025194,0.0,False,,0,,0.0,0.0,0.0,0.0,0.0,0.0,0.0,0.0,0.0,0.0,0.0,0.0,0.0,0.0,0.0,0.0,0.0,,,,,,,,,0,,NONE,,1.0,1.0,1.0,1.0,0.0,0.0,0.0,0.0,0.0,0.0,0.0,0.0,1,1,2,0,32,Partly Cloudy,0.0,1,1.15,1,-24.46999999999997,-0.08419350399119176,-0.09035918116263968,0.09035918116263968,,-0.0067325108506203725
PDL000000000020914,2025-01-01 17:41:52,PRO002053,STO000050,Mobile,203.61,188.19,0,0,CAT000051,BRA000011,198.02,All,REG000010,Urban,Humid Subtropical,Gold,Home and Lifestyle Shopper,Omnichannel,CAT000051,BRA000029,Medium,0.74573,0.94362,203.61,0.0,0.7374074074074074,,,PPH000000000034215,0.0,False,,0,,0.0,0.0,0.0,0.0,0.0,0.0,0.0,0.0,0.0,0.0,0.0,0.0,0.0,0.0,0.0,0.0,0.0,,,,,,,,,0,,NONE,,1.0,1.0,1.0,1.0,0.0,0.0,0.0,0.0,0.0,0.0,0.0,0.0,1,1,2,0,47,Windy,0.0,1,1.15,1,-15.420000000000016,-0.07573301900692507,-0.0496414503585497,0.0496414503585497,,0.028229471770528244
PDL000000000022495,2025-01-01 17:44:47,PRO002371,STO000007,Mobile,115.27,104.9,0,0,CAT000058,BRA000078,112.35,All,REG000002,Urban,Tropical Warm,Gold,Home and Lifestyle Shopper,Omnichannel,CAT000051,BRA000029,Medium,0.74573,0.94362,115.27,0.0,0.7394328703703704,,,PPH000000000039558,0.0,False,,0,,0.0,0.0,0.0,0.0,0.0,0.0,0.0,0.0,0.0,0.0,0.0,0.0,0.0,0.0,0.0,0.0,0.0,,,,,,,,,0,,NONE,,1.0,1.0,1.0,1.0,0.0,0.0,0.0,0.0,0.0,0.0,0.0,0.0,1,1,2,0,71,Cloudy,0.0,1,1.15,1,-10.36999999999999,-0.08996269627830303,-0.06631063640409425,0.06631063640409425,,0.025990209167779277
PDL000000000016690,2025-01-01 17:48:40,PRO002371,STO000007,Mobile,115.27,113.7,1,1,CAT000058,BRA000078,112.35,All,REG000002,Urban,Tropical Warm,Gold,Home and Lifestyle Shopper,Omnichannel,CAT000051,BRA000029,Medium,0.74573,0.94362,115.27,0.0,0.7421296296296296,,,PPH000000000039558,0.0,False,,0,,0.0,0.0,0.0,0.0,0.0,0.0,0.0,0.0,0.0,0.0,0.0,0.0,0.0,0.0,0.0,0.0,0.0,,,,,,,,,0,,NONE,,1.0,1.0,1.0,1.0,1.0,1.0,1.0,1.0,0.0,0.0,0.0,0.0,1,1,2,0,71,Cloudy,0.0,1,1.15,1,-1.5699999999999932,-0.013620196061420953,0.01201602136181583,-0.01201602136181583,,0.025990209167779277
PDL000000000028100,2025-01-01 17:58:00,PRO001630,STO000037,Store,229.25,210.14,0,0,CAT000043,BRA000082,226.98,All,REG000007,Outlet,Continental,Gold,Premium Professional,Mobile,CAT000043,BRA000149,High,0.57741,0.82761,229.25,0.0,0.7486111111111111,,,PPH000000000027216,0.0,False,,0,,0.0,0.0,0.0,0.0,0.0,0.0,0.0,0.0,0.0,0.0,0.0,0.0,0.0,0.0,0.0,0.0,0.0,,,,,,,,,0,,NONE,,0.0,0.0,0.0,0.0,0.0,0.0,0.0,0.0,1.0,1.0,1.0,1.0,1,1,2,0,26,Cloudy,0.0,1,1.15,1,-19.110000000000014,-0.08335877862595426,-0.07419155872764122,0.07419155872764122,,0.0100008811349018
PDL000000000025799,2025-01-01 18:09:04,PRO000518,STO000025,Mobile,167.37,152.31,0,0,CAT000019,BRA000080,160.88,All,REG000005,Urban,Hot Subtropical,Bronze,Fitness Shopper,Mobile,CAT000064,BRA000097,Medium,0.79911,0.58752,167.37,0.0,0.7562962962962962,,,PPH000000000008451,0.0,False,,0,,0.0,0.0,0.0,0.0,0.0,0.0,0.0,0.0,0.0,0.0,0.0,0.0,0.0,0.0,0.0,0.0,0.0,,,,,,,,,0,,NONE,,1.0,1.0,1.0,1.0,0.0,0.0,0.0,0.0,0.0,0.0,0.0,0.0,1,1,2,0,50,Windy,0.0,1,1.15,1,-15.060000000000002,-0.08998028320487543,-0.05326951765290896,0.05326951765290896,,0.04034062655395332
PDL000000000020349,2025-01-01 18:12:07,PRO002560,STO000014,Mobile,60.43,62.99,0,0,CAT000064,BRA000002,59.65,All,REG000003,Urban,Marine West Coast,Bronze,Fitness Shopper,Mobile,CAT000064,BRA000097,Medium,0.79911,0.58752,60.43,0.0,0.7584143518518518,,,PPH000000000042661,0.0,False,,0,,0.0,0.0,0.0,0.0,0.0,0.0,0.0,0.0,0.0,0.0,0.0,0.0,0.0,0.0,0.0,0.0,0.0,,,,,,,,,0,,NONE,,1.0,1.0,1.0,1.0,1.0,1.0,1.0,1.0,0.0,0.0,0.0,0.0,1,1,2,0,49,Heavy Rain,1.68,1,1.15,1,2.5600000000000023,0.042363064702962146,0.055993294216261584,-0.055993294216261584,,0.013076278290025166
PDL000000000034901,2025-01-01 18:13:32,PRO002560,STO000014,Mobile,60.43,66.41,0,0,CAT000064,BRA000002,59.65,All,REG000003,Urban,Marine West Coast,Bronze,Fitness Shopper,Mobile,CAT000064,BRA000097,Medium,0.79911,0.58752,60.43,0.0,0.7593981481481481,,,PPH000000000042661,0.0,False,,0,,0.0,0.0,0.0,0.0,0.0,0.0,0.0,0.0,0.0,0.0,0.0,0.0,0.0,0.0,0.0,0.0,0.0,,,,,,,,,0,,NONE,,1.0,1.0,1.0,1.0,1.0,1.0,1.0,1.0,0.0,0.0,0.0,0.0,1,1,2,0,49,Heavy Rain,1.68,1,1.15,1,5.979999999999997,0.0989574714545755,0.1133277451802179,-0.1133277451802179,,0.013076278290025166
PDL000000000000387,2025-01-01 18:25:32,PRO001520,STO000036,Store,188.58,207.83,0,0,CAT000041,BRA000088,187.02,All,REG000007,Suburban,Continental,Gold,Home and Lifestyle Shopper,Omnichannel,CAT000078,BRA000088,Low,0.92594,0.8929,188.58,0.0,0.7677314814814815,,,PPH000000000025425,0.0,False,,0,,0.0,0.0,0.0,0.0,0.0,0.0,0.0,0.0,0.0,0.0,0.0,0.0,0.0,0.0,0.0,0.0,0.0,,,,,,,,,0,,NONE,,1.0,1.0,1.0,1.0,0.0,0.0,0.0,0.0,1.0,1.0,1.0,1.0,1,1,2,0,26,Cloudy,0.0,1,1.15,1,19.25,0.10207869339272457,0.11127152176237837,-0.11127152176237837,,0.008341353865896708
PDL000000000000097,2025-01-01 18:29:16,PRO001630,STO000037,Store,229.25,207.7,0,0,CAT000043,BRA000082,226.98,All,REG000007,Outlet,Continental,Gold,Premium Professional,Mobile,CAT000043,BRA000149,High,0.57741,0.82761,229.25,0.0,0.7703240740740741,,,PPH000000000027216,0.0,False,,0,,0.0,0.0,0.0,0.0,0.0,0.0,0.0,0.0,0.0,0.0,0.0,0.0,0.0,0.0,0.0,0.0,0.0,,,,,,,,,0,,NONE,,1.0,1.0,1.0,1.0,0.0,0.0,0.0,0.0,1.0,1.0,1.0,1.0,1,1,2,0,26,Cloudy,0.0,1,1.15,1,-21.55000000000001,-0.09400218102508184,-0.0849414045290334,0.0849414045290334,,0.0100008811349018
PDL000000000006506,2025-01-01 18:33:38,PRO002354,STO000029,Online,57.75,59.34,0,0,CAT000058,BRA000035,56.8,All,REG000006,Suburban,Humid Continental,Platinum,Home and Lifestyle Shopper,Web,CAT000058,BRA000102,Medium,0.94139,0.7661,57.75,0.0,0.7733564814814815,,,PPH000000000039255,0.0,False,,0,,0.0,0.0,0.0,0.0,0.0,0.0,0.0,0.0,0.0,0.0,0.0,0.0,0.0,0.0,0.0,0.0,0.0,,,,,,,,,0,,NONE,,1.0,1.0,1.0,1.0,0.0,0.0,0.0,0.0,0.0,0.0,0.0,0.0,1,1,2,0,34,Windy,0.0,1,1.15,1,1.5900000000000034,0.027532467532467592,0.044718309859155043,-0.044718309859155043,,0.016725352112676107
PDL000000000015337,2025-01-01 18:49:28,PRO002150,STO000043,Store,219.69,201.19,0,0,CAT000052,BRA000011,217.42,All,REG000009,Urban,Cold Continental,Silver,Home and Lifestyle Shopper,Omnichannel,CAT000052,BRA000058,High,0.55566,0.83197,219.69,0.0,0.7843518518518519,,,PPH000000000035808,0.0,False,,0,,0.0,0.0,0.0,0.0,0.0,0.0,0.0,0.0,0.0,0.0,0.0,0.0,0.0,0.0,0.0,0.0,0.0,,,,,,,,,0,,NONE,,1.0,1.0,1.0,1.0,0.0,0.0,0.0,0.0,0.0,0.0,0.0,0.0,1,1,2,0,32,Partly Cloudy,0.0,1,1.15,1,-18.5,-0.08420956802767536,-0.07464814644466926,0.07464814644466926,,0.010440621837917443
PDL000000000007930,2025-01-01 18:54:00,PRO001439,STO000023,Email,81.4,80.06,0,0,CAT000039,BRA000088,81.06,All,REG000005,Urban,Hot Subtropical,Silver,Premium Professional,Mobile,CAT000039,BRA000038,High,0.58094,0.65493,81.4,0.0,0.7875,,,PPH000000000024057,0.0,False,,0,,0.0,0.0,0.0,0.0,0.0,0.0,0.0,0.0,0.0,0.0,0.0,0.0,0.0,0.0,0.0,0.0,0.0,,,,,,,,,0,,NONE,,0.0,0.0,0.0,0.0,0.0,0.0,0.0,0.0,1.0,1.0,1.0,1.0,1,1,2,0,50,Windy,0.0,1,1.15,1,-1.3400000000000034,-0.0164619164619165,-0.01233654083395016,0.01233654083395016,,0.004194423883543096
PDL000000000024096,2025-01-01 19:01:44,PRO002422,STO000023,Mobile,32.66,33.97,0,0,CAT000060,BRA000106,31.79,All,REG000005,Urban,Hot Subtropical,Bronze,Budget-Conscious Family,Web,CAT000060,BRA000059,Medium,0.78657,0.80381,32.66,0.0,0.7928703703703703,,,PPH000000000040455,0.0,False,,0,,0.0,0.0,0.0,0.0,0.0,0.0,0.0,0.0,0.0,0.0,0.0,0.0,0.0,0.0,0.0,0.0,0.0,,,,,,,,,0,,NONE,,1.0,1.0,1.0,1.0,0.0,0.0,0.0,0.0,0.0,0.0,0.0,0.0,1,1,2,0,50,Windy,0.0,1,1.15,1,1.3100000000000023,0.040110226576852495,0.06857502359232462,-0.06857502359232462,,0.02736709657124874
PDL000000000010662,2025-01-01 19:06:26,PRO001401,STO000030,Web,12.96,14.29,1,1,CAT000038,BRA000037,12.9,Summer,REG000006,Outlet,Humid Continental,Bronze,Outdoor Enthusiast,Omnichannel,CAT000020,BRA000145,Low,0.94709,0.61481,12.96,0.0,0.7961342592592593,,,PPH000000000023310,0.0,False,,0,,0.0,0.0,0.0,0.0,0.0,0.0,0.0,0.0,0.0,0.0,0.0,0.0,0.0,0.0,0.0,0.0,0.0,,,,,,,,12.99,1,0.2505439814814815,PRODUCT_FALLBACK,12.99,1.0,1.0,1.0,1.0,0.0,0.0,0.0,0.0,0.0,0.0,0.0,0.0,1,1,2,0,34,Windy,0.0,1,1.15,1,1.3299999999999983,0.10262345679012332,0.10775193798449603,-0.10775193798449603,0.10007698229407228,0.0046511627906977125
PDL000000000003904,2025-01-01 19:09:34,PRO001401,STO000030,Web,12.96,14.29,1,1,CAT000038,BRA000037,12.9,Summer,REG000006,Outlet,Humid Continental,Bronze,Outdoor Enthusiast,Omnichannel,CAT000020,BRA000145,Low,0.94709,0.61481,12.96,0.0,0.7983101851851852,,,PPH000000000023310,0.0,False,,0,,0.0,0.0,0.0,0.0,0.0,0.0,0.0,0.0,0.0,0.0,0.0,0.0,0.0,0.0,0.0,0.0,0.0,,,,,,,,12.99,1,0.2527199074074074,PRODUCT_FALLBACK,12.99,1.0,1.0,1.0,1.0,1.0,1.0,1.0,1.0,0.0,0.0,0.0,0.0,1,1,2,0,34,Windy,0.0,1,1.15,1,1.3299999999999983,0.10262345679012332,0.10775193798449603,-0.10775193798449603,0.10007698229407228,0.0046511627906977125
PDL000000000029045,2025-01-01 19:19:09,PRO002829,STO000016,Mobile,68.02,68.02,0,0,CAT000074,BRA000148,67.49,Fall,REG000004,Urban,Mediterranean,Bronze,Seasonal Gift Shopper,Mobile,CAT000074,BRA000008,Medium,0.83238,0.53156,68.02,0.0,0.8049652777777778,,,PPH000000000047045,0.0,False,,0,,0.0,0.0,0.0,0.0,0.0,0.0,0.0,0.0,0.0,0.0,0.0,0.0,0.0,0.0,0.0,0.0,0.0,,,,,,,,63.54,1,0.13591435185185186,PRODUCT_FALLBACK,63.54,1.0,1.0,1.0,1.0,0.0,0.0,0.0,0.0,0.0,0.0,0.0,0.0,1,1,2,0,67,Clear,0.0,1,1.15,1,0.0,0.0,0.007853015261520243,-0.007853015261520243,0.07050676739062003,0.007853015261520243
PDL000000000031956,2025-01-01 19:22:00,PRO002829,STO000016,Mobile,68.02,75.3,0,0,CAT000074,BRA000148,67.49,Fall,REG000004,Urban,Mediterranean,Bronze,Seasonal Gift Shopper,Mobile,CAT000074,BRA000008,Medium,0.83238,0.53156,68.02,0.0,0.8069444444444445,,,PPH000000000047045,0.0,False,,0,,0.0,0.0,0.0,0.0,0.0,0.0,0.0,0.0,0.0,0.0,0.0,0.0,0.0,0.0,0.0,0.0,0.0,,,,,,,,63.54,1,0.13789351851851853,PRODUCT_FALLBACK,63.54,1.0,1.0,1.0,1.0,1.0,1.0,1.0,1.0,0.0,0.0,0.0,0.0,1,1,2,0,67,Clear,0.0,1,1.15,1,7.280000000000001,0.10702734489855927,0.1157208475329679,-0.1157208475329679,0.1850802644003777,0.007853015261520243
PDL000000000000404,2025-01-01 19:24:08,PRO002829,STO000016,Mobile,68.02,72.43,0,0,CAT000074,BRA000148,67.49,Fall,REG000004,Urban,Mediterranean,Bronze,Seasonal Gift Shopper,Mobile,CAT000074,BRA000008,Medium,0.83238,0.53156,68.02,0.0,0.8084259259259259,,,PPH000000000047045,0.0,False,,0,,0.0,0.0,0.0,0.0,0.0,0.0,0.0,0.0,0.0,0.0,0.0,0.0,0.0,0.0,0.0,0.0,0.0,,,,,,,,63.54,1,0.139375,PRODUCT_FALLBACK,63.54,1.0,1.0,1.0,1.0,1.0,1.0,1.0,1.0,0.0,0.0,0.0,0.0,1,1,2,0,67,Clear,0.0,1,1.15,1,4.410000000000011,0.06483387239047356,0.07319602904133964,-0.07319602904133964,0.13991186654076185,0.007853015261520243
PDL000000000006399,2025-01-01 19:53:03,PRO001464,STO000045,Mobile,345.85,313.74,0,0,CAT000040,BRA000109,343.51,All,REG000009,Suburban,Cold Continental,Silver,Technology Early Adopter,Mobile,CAT000080,BRA000109,Medium,0.69849,0.50619,345.85,0.0,0.8285069444444444,,,PPH000000000024453,0.0,False,,0,,0.0,0.0,0.0,0.0,0.0,0.0,0.0,0.0,0.0,0.0,0.0,0.0,0.0,0.0,0.0,0.0,0.0,,,,,,,,,0,,NONE,,1.0,1.0,1.0,1.0,0.0,0.0,0.0,0.0,0.0,0.0,0.0,0.0,1,1,2,0,32,Partly Cloudy,0.0,1,1.15,1,-32.110000000000014,-0.0928437183750181,-0.0866641436930511,0.0866641436930511,,0.00681202876189931
PDL000000000010750,2025-01-01 20:31:45,PRO000863,STO000035,Web,312.52,292.13,0,0,CAT000027,BRA000006,309.95,All,REG000007,Suburban,Continental,Gold,Home and Lifestyle Shopper,Web,CAT000058,BRA000006,Medium,0.88425,0.86363,312.52,0.0,0.8553819444444445,,,PPH000000000014320,0.0,False,,0,,0.0,0.0,0.0,0.0,0.0,0.0,0.0,0.0,0.0,0.0,0.0,0.0,0.0,0.0,0.0,0.0,0.0,,,,,,,,,0,,NONE,,1.0,1.0,1.0,1.0,0.0,0.0,0.0,0.0,0.0,0.0,0.0,0.0,1,1,2,0,26,Cloudy,0.0,1,1.15,1,-20.389999999999986,-0.06524382439523867,-0.0574931440554928,0.0574931440554928,,0.008291659945152421
PDL000000000026415,2025-01-01 20:33:48,PRO000863,STO000035,Web,312.52,316.97,1,1,CAT000027,BRA000006,309.95,All,REG000007,Suburban,Continental,Gold,Home and Lifestyle Shopper,Web,CAT000058,BRA000006,Medium,0.88425,0.86363,312.52,0.0,0.8568055555555556,,,PPH000000000014320,0.0,False,,0,,0.0,0.0,0.0,0.0,0.0,0.0,0.0,0.0,0.0,0.0,0.0,0.0,0.0,0.0,0.0,0.0,0.0,,,,,,,,,0,,NONE,,1.0,1.0,1.0,1.0,1.0,1.0,1.0,1.0,0.0,0.0,0.0,0.0,1,1,2,0,26,Cloudy,0.0,1,1.15,1,4.4500000000000455,0.014239088698323453,0.02264881432489124,-0.02264881432489124,,0.008291659945152421
PDL000000000032583,2025-01-01 20:35:11,PRO000863,STO000035,Web,312.52,321.43,0,0,CAT000027,BRA000006,309.95,All,REG000007,Suburban,Continental,Gold,Home and Lifestyle Shopper,Web,CAT000058,BRA000006,Medium,0.88425,0.86363,312.52,0.0,0.8577662037037037,,,PPH000000000014320,0.0,False,,0,,0.0,0.0,0.0,0.0,0.0,0.0,0.0,0.0,0.0,0.0,0.0,0.0,0.0,0.0,0.0,0.0,0.0,,,,,,,,,0,,NONE,,1.0,1.0,1.0,1.0,1.0,1.0,1.0,1.0,0.0,0.0,0.0,0.0,1,1,2,0,26,Cloudy,0.0,1,1.15,1,8.910000000000025,0.02851017534877776,0.03703823197289891,-0.03703823197289891,,0.008291659945152421
PDL000000000019771,2025-01-01 20:40:55,PRO002939,STO000046,Web,79.58,88.17,0,0,CAT000078,BRA000071,81.04,Fall,REG000009,Suburban,Cold Continental,Bronze,Premium Professional,Web,CAT000078,BRA000055,Low,0.65433,0.84433,79.58,1.8,0.8617476851851852,,,PPH000000000048854,0.0,False,,0,,0.0,0.0,0.0,0.0,0.0,0.0,0.0,0.0,0.0,0.0,0.0,0.0,0.0,0.0,0.0,0.0,0.0,,,,,,,,,0,,NONE,,0.0,1.0,1.0,1.0,0.0,0.0,0.0,0.0,0.0,0.0,0.0,0.0,1,1,2,0,32,Partly Cloudy,0.0,1,1.15,1,8.590000000000003,0.10794169389293796,0.08798124383020724,-0.08798124383020724,,-0.018015794669299208
PDL000000000029476,2025-01-01 21:11:11,PRO000417,STO000013,Mobile,142.25,157.45,1,1,CAT000017,BRA000112,159.29,Summer,REG000003,Urban,Marine West Coast,Platinum,Infrequent Convenience Shopper,Omnichannel,CAT000012,BRA000112,Medium,0.65686,0.54222,142.25,10.7,0.8827662037037037,,,PPH000000000006640,0.0,False,,0,,0.0,0.0,0.0,0.0,0.0,0.0,0.0,0.0,0.0,0.0,0.0,0.0,0.0,0.0,0.0,0.0,0.0,,,,,,,,,0,,NONE,,0.0,1.0,1.0,1.0,0.0,0.0,0.0,0.0,0.0,0.0,0.0,0.0,1,1,2,0,49,Heavy Rain,1.68,1,1.15,1,15.199999999999989,0.106854130052724,-0.01155125871052799,0.01155125871052799,,-0.1069747002322807
PDL000000000005125,2025-01-01 21:39:45,PRO001960,STO000010,Email,196.0,176.95,0,0,CAT000049,BRA000048,193.13,All,REG000002,Suburban,Tropical Warm,Silver,Outdoor Enthusiast,Mobile,CAT000024,BRA000013,Medium,0.85498,0.55855,196.0,0.0,0.9026041666666667,,,PPH000000000032555,0.0,False,,0,,0.0,0.0,0.0,0.0,0.0,0.0,0.0,0.0,0.0,0.0,0.0,0.0,0.0,0.0,0.0,0.0,0.0,,,,,,,,,0,,NONE,,0.0,0.0,0.0,0.0,0.0,0.0,0.0,0.0,1.0,1.0,1.0,1.0,1,1,2,0,71,Cloudy,0.0,1,1.15,1,-19.05000000000001,-0.09719387755102046,-0.08377776627142343,0.08377776627142343,,0.014860456687205533
PDL000000000030917,2025-01-01 21:41:32,PRO001960,STO000010,Email,196.0,196.0,0,0,CAT000049,BRA000048,193.13,All,REG000002,Suburban,Tropical Warm,Silver,Outdoor Enthusiast,Mobile,CAT000024,BRA000013,Medium,0.85498,0.55855,196.0,0.0,0.9038425925925926,,,PPH000000000032555,0.0,False,,0,,0.0,0.0,0.0,0.0,0.0,0.0,0.0,0.0,0.0,0.0,0.0,0.0,0.0,0.0,0.0,0.0,0.0,,,,,,,,,0,,NONE,,1.0,1.0,1.0,1.0,1.0,1.0,1.0,1.0,1.0,1.0,1.0,1.0,1,1,2,0,71,Cloudy,0.0,1,1.15,1,0.0,0.0,0.014860456687205533,-0.014860456687205533,,0.014860456687205533
PDL000000000032518,2025-01-01 21:59:31,PRO000257,STO000016,Email,157.09,155.02,1,2,CAT000015,BRA000112,147.8,Spring,REG000004,Urban,Mediterranean,Gold,Outdoor Enthusiast,Omnichannel,CAT000021,BRA000145,Medium,0.9119,0.73222,157.09,0.0,0.9163310185185185,,,PPH000000000004225,0.0,False,,0,,0.0,0.0,0.0,0.0,0.0,0.0,0.0,0.0,0.0,0.0,0.0,0.0,0.0,0.0,0.0,0.0,0.0,,,,,,,,,0,,NONE,,1.0,1.0,1.0,1.0,0.0,0.0,0.0,0.0,0.0,0.0,0.0,0.0,1,1,2,0,67,Clear,0.0,1,1.15,1,-2.069999999999993,-0.01317715959004388,0.04884979702300405,-0.04884979702300405,,0.06285520974289574
PDL000000000011360,2025-01-01 22:10:29,PRO000739,STO000034,Mobile,56.21,56.21,0,0,CAT000024,BRA000018,53.82,Fall,REG000007,Suburban,Continental,Silver,Outdoor Enthusiast,Mobile,CAT000024,BRA000013,Medium,0.85498,0.55855,56.21,0.0,0.9239467592592593,,,PPH000000000012262,0.0,False,,0,,0.0,0.0,0.0,0.0,0.0,0.0,0.0,0.0,0.0,0.0,0.0,0.0,0.0,0.0,0.0,0.0,0.0,,,,,,,,,0,,NONE,,1.0,1.0,1.0,1.0,0.0,0.0,0.0,0.0,0.0,0.0,0.0,0.0,1,1,2,0,26,Cloudy,0.0,1,1.15,1,0.0,0.0,0.044407283537718334,-0.044407283537718334,,0.044407283537718334
PDL000000000016837,2025-01-01 22:22:59,PRO001351,STO000043,Email,12.8,12.8,0,0,CAT000037,BRA000079,12.72,Summer,REG000009,Urban,Cold Continental,Silver,Technology Early Adopter,Omnichannel,CAT000037,BRA000007,Medium,0.62566,0.92444,12.8,0.0,0.9326273148148149,,,PPH000000000022376,0.0,False,,0,,0.0,0.0,0.0,0.0,0.0,0.0,0.0,0.0,0.0,0.0,0.0,0.0,0.0,0.0,0.0,0.0,0.0,,,,,,,,,0,,NONE,,1.0,1.0,1.0,1.0,0.0,0.0,0.0,0.0,0.0,0.0,0.0,0.0,1,1,2,0,32,Partly Cloudy,0.0,1,1.15,1,0.0,0.0,0.0062893081761006345,-0.0062893081761006345,,0.0062893081761006345
PDL000000000020367,2025-01-01 22:46:35,PRO001286,STO000022,Kiosk,165.91,153.06,0,0,CAT000036,BRA000141,164.99,Summer,REG000004,Urban,Mediterranean,Bronze,Fitness Shopper,Web,CAT000032,BRA000141,Medium,0.64334,0.86353,165.91,0.0,0.9490162037037037,,,PPH000000000021357,0.0,False,,0,,0.0,0.0,0.0,0.0,0.0,0.0,0.0,0.0,0.0,0.0,0.0,0.0,0.0,0.0,0.0,0.0,0.0,,,,,,,,,0,,NONE,,1.0,1.0,1.0,1.0,0.0,0.0,0.0,0.0,0.0,0.0,0.0,0.0,1,1,2,0,67,Clear,0.0,1,1.15,1,-12.849999999999994,-0.07745163040202516,-0.07230741257045885,0.07230741257045885,,0.005576095520940587
PDL000000000030260,2025-01-01 22:54:20,PRO000541,STO000026,Mobile,125.43,129.37,0,0,CAT000020,BRA000145,124.92,Spring,REG000005,Suburban,Hot Subtropical,Silver,Budget-Conscious Family,Omnichannel,CAT000020,BRA000107,High,0.87236,0.76181,125.43,0.0,0.9543981481481482,,,PPH000000000008852,0.0,False,,0,,0.0,0.0,0.0,0.0,0.0,0.0,0.0,0.0,0.0,0.0,0.0,0.0,0.0,0.0,0.0,0.0,0.0,,,,,,,,,0,,NONE,,0.0,0.0,0.0,0.0,0.0,0.0,0.0,0.0,1.0,1.0,1.0,1.0,1,1,2,0,50,Windy,0.0,1,1.15,1,3.9399999999999977,0.031411942916367674,0.03562279859109833,-0.03562279859109833,,0.004082612872238273
PDL000000000016309,2025-01-01 23:14:45,PRO002941,STO000021,Mobile,126.09,138.32,1,2,CAT000078,BRA000128,126.89,Fall,REG000004,Urban,Mediterranean,Silver,Technology Early Adopter,Mobile,CAT000080,BRA000128,Low,0.86577,0.87503,126.09,0.63,0.9685763888888889,,,PPH000000000048884,0.0,False,,0,,0.0,0.0,0.0,0.0,0.0,0.0,0.0,0.0,0.0,0.0,0.0,0.0,0.0,0.0,0.0,0.0,0.0,,,,,,,,,0,,NONE,,1.0,1.0,1.0,1.0,1.0,1.0,1.0,1.0,0.0,0.0,0.0,0.0,1,1,2,0,67,Clear,0.0,1,1.15,1,12.22999999999999,0.09699421048457442,0.09007802033257147,-0.09007802033257147,,-0.006304673339112595
PDL000000000005983,2025-01-01 23:16:41,PRO002941,STO000021,Mobile,126.09,134.83,0,0,CAT000078,BRA000128,126.89,Fall,REG000004,Urban,Mediterranean,Silver,Technology Early Adopter,Mobile,CAT000080,BRA000128,Low,0.86577,0.87503,126.09,0.63,0.9699189814814815,,,PPH000000000048884,0.0,False,,0,,0.0,0.0,0.0,0.0,0.0,0.0,0.0,0.0,0.0,0.0,0.0,0.0,0.0,0.0,0.0,0.0,0.0,,,,,,,,,0,,NONE,,1.0,1.0,1.0,1.0,1.0,1.0,1.0,1.0,0.0,0.0,0.0,0.0,1,1,2,0,67,Clear,0.0,1,1.15,1,8.740000000000009,0.06931556824490451,0.06257388289069282,-0.06257388289069282,,-0.006304673339112595
PDL000000000033531,2025-01-01 23:35:50,PRO001672,STO000035,Mobile,429.92,429.92,0,0,CAT000043,BRA000056,426.15,All,REG000007,Suburban,Continental,Gold,Premium Professional,Mobile,CAT000043,BRA000149,High,0.57741,0.82761,429.92,0.0,0.9832175925925926,,,PPH000000000027936,0.0,False,,0,,0.0,0.0,0.0,0.0,0.0,0.0,0.0,0.0,0.0,0.0,0.0,0.0,0.0,0.0,0.0,0.0,0.0,,,,,,,,,0,,NONE,,1.0,1.0,1.0,1.0,0.0,0.0,0.0,0.0,0.0,0.0,0.0,0.0,1,1,2,0,26,Cloudy,0.0,1,1.15,1,0.0,0.0,0.008846650240525727,-0.008846650240525727,,0.008846650240525727
PDL000000000013983,2025-01-02 08:35:11,PRO002003,STO000003,Kiosk,315.4,345.37,1,1,CAT000050,BRA000081,308.29,All,REG000001,Suburban,Mountain Cold,Silver,Budget-Conscious Family,Mobile,CAT000052,BRA000081,Medium,0.66848,0.62444,315.4,0.0,1.3577662037037037,,,PPH000000000033259,0.0,False,,0,,0.0,0.0,0.0,0.0,0.0,0.0,0.0,0.0,0.0,0.0,0.0,0.0,0.0,0.0,9.0,9.0,9.0,,,,,,,,,0,,NONE,,1.0,1.0,1.0,1.0,1.0,1.0,1.0,1.0,0.0,0.0,0.0,0.0,1,1,3,0,32,Cloudy,0.0,0,,0,29.970000000000027,0.09502219403931525,0.1202763631645528,-0.1202763631645528,,0.023062700703882565
PDL000000000000892,2025-01-02 08:45:32,PRO001497,STO000031,Mobile,238.48,234.75,0,0,CAT000040,BRA000088,267.06,All,REG000006,Outlet,Humid Continental,Bronze,Outdoor Enthusiast,Mobile,CAT000071,BRA000143,Medium,0.8332,0.57486,238.48,10.7,1.3649537037037036,,,PPH000000000025015,0.0,False,,0,,0.0,0.0,0.0,0.0,0.0,0.0,0.0,0.0,0.0,0.0,0.0,0.0,0.0,0.0,1.0,1.0,1.0,,,,,,,,,0,,NONE,,0.0,0.0,0.0,0.0,0.0,0.0,0.0,0.0,1.0,1.0,1.0,1.0,1,1,3,0,22,Cloudy,0.0,0,,0,-3.7299999999999898,-0.015640724589064032,-0.12098404852842058,0.12098404852842058,,-0.10701714970418637
PDL000000000032281,2025-01-02 08:45:55,PRO001049,STO000039,Mobile,295.88,310.07,0,0,CAT000030,BRA000143,296.14,All,REG000008,Urban,Hot Arid,Bronze,Outdoor Enthusiast,Mobile,CAT000071,BRA000143,Medium,0.8332,0.57486,295.88,0.09,1.3652199074074074,,,PPH000000000017453,0.0,False,,0,,0.0,0.0,0.0,0.0,0.0,0.0,0.0,0.0,0.0,0.0,0.0,0.0,0.0,0.0,3.0,3.0,3.0,,,,,,,,,0,,NONE,,1.0,1.0,1.0,1.0,1.0,1.0,1.0,1.0,0.0,0.0,0.0,0.0,1,1,3,0,53,Partly Cloudy,0.0,0,,0,14.189999999999998,0.04795863187778829,0.047038562841899126,-0.047038562841899126,,-0.0008779631255486963
PDL000000000026535,2025-01-02 08:45:56,PRO001497,STO000031,Mobile,238.48,254.35,0,0,CAT000040,BRA000088,267.06,All,REG000006,Outlet,Humid Continental,Bronze,Outdoor Enthusiast,Mobile,CAT000071,BRA000143,Medium,0.8332,0.57486,238.48,10.7,1.3652314814814814,,,PPH000000000025015,0.0,False,,0,,0.0,0.0,0.0,0.0,0.0,0.0,0.0,0.0,0.0,0.0,0.0,0.0,0.0,0.0,1.0,1.0,1.0,,,,,,,,,0,,NONE,,1.0,1.0,1.0,1.0,1.0,1.0,1.0,1.0,1.0,1.0,1.0,1.0,1,1,3,0,22,Cloudy,0.0,0,,0,15.870000000000005,0.06654646091915467,-0.04759230135550067,0.04759230135550067,,-0.10701714970418637
PDL000000000003937,2025-01-02 08:46:17,PRO001049,STO000039,Mobile,295.88,305.34,0,0,CAT000030,BRA000143,296.14,All,REG000008,Urban,Hot Arid,Bronze,Outdoor Enthusiast,Mobile,CAT000071,BRA000143,Medium,0.8332,0.57486,295.88,0.09,1.3654745370370371,,,PPH000000000017453,0.0,False,,0,,0.0,0.0,0.0,0.0,0.0,0.0,0.0,0.0,0.0,0.0,0.0,0.0,0.0,0.0,3.0,3.0,3.0,,,,,,,,,0,,NONE,,1.0,1.0,1.0,1.0,1.0,1.0,1.0,1.0,0.0,0.0,0.0,0.0,1,1,3,0,53,Partly Cloudy,0.0,0,,0,9.45999999999998,0.03197242125185879,0.031066387519416455,-0.031066387519416455,,-0.0008779631255486963
PDL000000000030598,2025-01-02 08:49:25,PRO001768,STO000035,Mobile,298.29,281.65,1,1,CAT000045,BRA000060,309.01,All,REG000007,Suburban,Continental,Bronze,Outdoor Enthusiast,Store,CAT000077,BRA000060,Medium,0.93599,0.76935,298.29,3.47,1.3676504629629629,,,PPH000000000029435,0.0,False,,0,,0.0,0.0,0.0,0.0,0.0,0.0,0.0,0.0,0.0,0.0,0.0,0.0,0.0,0.0,6.0,6.0,6.0,,,,,,,,,0,,NONE,,0.0,0.0,0.0,0.0,0.0,0.0,0.0,0.0,0.0,0.0,0.0,0.0,1,1,3,0,20,Clear,0.0,0,,0,-16.640000000000043,-0.05578463910959148,-0.08854082392155599,0.08854082392155599,,-0.03469143393417679
PDL000000000024863,2025-01-02 10:58:53,PRO001849,STO000034,Store,180.8,202.22,0,0,CAT000047,BRA000114,201.28,Spring,REG000007,Suburban,Continental,Gold,Home and Lifestyle Shopper,Mobile,CAT000047,BRA000126,Medium,0.93501,0.63404,180.8,10.17,1.4575578703703704,,,PPH000000000030787,0.0,False,,0,,0.0,0.0,0.0,0.0,0.0,0.0,2.0,2.0,2.0,2.0,2.0,0.0,0.0,0.0,3.0,3.0,3.0,,,,,1.0,,,,0,,NONE,,0.0,0.0,0.0,0.0,0.0,0.0,0.0,0.0,1.0,1.0,1.0,1.0,1,1,3,0,20,Clear,0.0,0,,0,21.419999999999987,0.11847345132743355,0.004670111287758336,-0.004670111287758336,,-0.10174880763116052
PDL000000000021350,2025-01-02 11:00:20,PRO002560,STO000047,Email,60.57,66.08,0,0,CAT000064,BRA000002,59.65,All,REG000010,Urban,Humid Subtropical,Gold,Budget-Conscious Family,Mobile,CAT000064,BRA000074,Low,0.56671,0.75904,60.57,0.0,1.458564814814815,,,PPH000000000042675,0.0,False,,0,,0.0,0.0,0.0,0.0,0.0,0.0,0.0,0.0,0.0,0.0,0.0,0.0,0.0,0.0,1.0,1.0,1.0,,,,,,,,63.81,1,0.5306597222222222,PRODUCT_FALLBACK,63.81,2.0,2.0,2.0,2.0,0.0,0.0,0.0,0.0,0.0,0.0,0.0,0.0,1,1,3,0,56,Cloudy,0.0,0,,0,5.509999999999998,0.09096912663034502,0.10779547359597652,-0.10779547359597652,0.035574361385362734,0.015423302598491227
PDL000000000015568,2025-01-02 11:13:42,PRO002579,STO000012,Mobile,34.54,38.24,0,0,CAT000065,BRA000005,34.62,All,REG000003,Suburban,Marine West Coast,Silver,Technology Early Adopter,Mobile,CAT000038,BRA000007,Medium,0.56463,0.67629,34.54,0.23,1.4678472222222223,,,PPH000000000042953,0.0,False,,0,,0.0,0.0,0.0,0.0,0.0,0.0,0.0,0.0,0.0,0.0,0.0,0.0,0.0,0.0,3.0,3.0,3.0,,,,,,,,37.13,1,0.09229166666666666,PRODUCT_FALLBACK,37.13,0.0,0.0,0.0,0.0,0.0,0.0,0.0,0.0,0.0,0.0,0.0,0.0,1,1,3,0,35,Partly Cloudy,0.0,0,,0,3.700000000000003,0.10712217718587154,0.10456383593298685,-0.10456383593298685,0.02989496364126042,-0.002310803004043856
PDL000000000009290,2025-01-02 11:26:14,PRO002963,STO000044,Mobile,218.91,233.78,1,1,CAT000079,BRA000099,207.81,Winter,REG000009,Urban,Cold Continental,Bronze,Outdoor Enthusiast,Omnichannel,CAT000073,BRA000099,Medium,0.65959,0.67333,218.91,0.0,1.476550925925926,,,PPH000000000049338,0.0,False,,0,,0.0,0.0,0.0,0.0,0.0,0.0,0.0,0.0,0.0,0.0,0.0,0.0,0.0,0.0,0.0,0.0,0.0,,,,,,,,,0,,NONE,,1.0,1.0,1.0,1.0,1.0,1.0,1.0,1.0,0.0,0.0,0.0,0.0,1,1,3,0,24,Windy,0.0,0,,0,14.870000000000005,0.06792745877301176,0.12496992445021894,-0.12496992445021894,,0.053414176411144765
PDL000000000004708,2025-01-02 11:26:44,PRO000616,STO000002,Email,151.53,155.71,0,0,CAT000021,BRA000098,151.26,Summer,REG000001,Outlet,Mountain Cold,Bronze,Budget-Conscious Family,Web,CAT000023,BRA000098,Medium,0.61623,0.55334,151.53,0.0,1.4768981481481482,,,PPH000000000010187,0.0,False,,0,,0.0,0.0,0.0,0.0,0.0,0.0,0.0,0.0,0.0,0.0,0.0,0.0,0.0,0.0,5.0,5.0,5.0,,,,,,,,,0,,NONE,,1.0,1.0,1.0,1.0,0.0,0.0,0.0,0.0,0.0,0.0,0.0,0.0,1,1,3,0,32,Cloudy,0.0,0,,0,4.180000000000007,0.027585296640929232,0.02941954250958626,-0.02941954250958626,,0.0017850059500199012
PDL000000000031817,2025-01-02 11:27:47,PRO002323,STO000008,Email,135.87,148.86,1,1,CAT000057,BRA000081,150.58,All,REG000002,Suburban,Tropical Warm,Bronze,Seasonal Gift Shopper,Web,CAT000055,BRA000081,Medium,0.63586,0.89526,135.87,9.77,1.477627314814815,,,PPH000000000038749,0.0,False,,0,,0.0,0.0,0.0,0.0,0.0,0.0,0.0,0.0,0.0,0.0,0.0,0.0,0.0,0.0,2.0,2.0,2.0,,,,,,,,,0,,NONE,,1.0,1.0,1.0,1.0,0.0,0.0,0.0,0.0,0.0,0.0,0.0,0.0,1,1,3,0,64,Rain,0.26,0,,0,12.990000000000009,0.09560609406049907,-0.011422499667950583,0.011422499667950583,,-0.09768893611369377
PDL000000000011292,2025-01-02 11:40:34,PRO002644,STO000007,Kiosk,60.86,62.42,0,0,CAT000066,BRA000090,59.07,All,REG000002,Urban,Tropical Warm,Platinum,Home and Lifestyle Shopper,Store,CAT000079,BRA000010,Low,0.61902,0.78991,60.86,0.0,1.4865046296296296,,,PPH000000000044012,0.0,False,,0,,0.0,0.0,0.0,0.0,0.0,0.0,0.0,0.0,0.0,0.0,0.0,0.0,0.0,0.0,10.0,10.0,10.0,,,,,,,,,0,,NONE,,1.0,1.0,1.0,1.0,0.0,0.0,0.0,0.0,1.0,1.0,1.0,1.0,1,1,3,0,64,Rain,0.26,0,,0,1.5600000000000023,0.025632599408478514,0.056712375148129365,-0.056712375148129365,,0.03030303030303029
PDL000000000004430,2025-01-02 11:54:21,PRO001689,STO000039,Kiosk,239.9,261.28,1,1,CAT000044,BRA000010,238.55,All,REG000008,Urban,Hot Arid,Platinum,Home and Lifestyle Shopper,Store,CAT000079,BRA000010,Low,0.61902,0.78991,239.9,0.0,1.4960763888888888,,,PPH000000000028171,0.0,False,,0,,0.0,0.0,0.0,0.0,0.0,0.0,0.0,0.0,0.0,0.0,0.0,0.0,0.0,0.0,1.0,1.0,1.0,,,,,,,,,0,,NONE,,1.0,1.0,1.0,1.0,0.0,0.0,0.0,0.0,0.0,0.0,0.0,0.0,1,1,3,0,53,Partly Cloudy,0.0,0,,0,21.379999999999967,0.08912046686119203,0.09528400754558776,-0.09528400754558776,,0.005659190945294463
PDL000000000009517,2025-01-02 12:15:18,PRO000320,STO000034,Mobile,87.41,81.68,1,1,CAT000015,BRA000004,84.32,Spring,REG000007,Suburban,Continental,Silver,Fitness Shopper,Mobile,CAT000015,BRA000004,Medium,0.63672,0.70178,87.41,0.0,1.510625,,,PPH000000000005116,0.0,False,,0,,0.0,0.0,0.0,0.0,0.0,0.0,0.0,0.0,0.0,0.0,0.0,0.0,0.0,0.0,4.0,4.0,4.0,,,,,,,,,0,,NONE,,1.0,1.0,1.0,1.0,0.0,0.0,0.0,0.0,1.0,1.0,1.0,1.0,1,1,3,0,20,Clear,0.0,0,,0,-5.72999999999999,-0.06555314037295493,-0.031309297912713314,0.031309297912713314,,0.03664611005692604
PDL000000000006500,2025-01-02 12:25:52,PRO000324,STO000015,Mobile,39.76,43.91,1,1,CAT000015,BRA000025,39.92,Summer,REG000003,Suburban,Marine West Coast,Silver,Fitness Shopper,Mobile,CAT000015,BRA000004,Medium,0.63672,0.70178,39.76,0.4,1.517962962962963,,,PPH000000000005181,0.0,False,,0,,0.0,0.0,0.0,0.0,0.0,0.0,0.0,0.0,0.0,0.0,0.0,0.0,0.0,0.0,4.0,4.0,4.0,,,,,,,,,0,,NONE,,1.0,1.0,1.0,1.0,1.0,1.0,1.0,1.0,0.0,0.0,0.0,0.0,1,1,3,0,35,Partly Cloudy,0.0,0,,0,4.149999999999999,0.1043762575452716,0.09994989979959906,-0.09994989979959906,,-0.004008016032064221
PDL000000000024771,2025-01-02 13:15:10,PRO000409,STO000013,Email,111.37,108.39,0,0,CAT000017,BRA000045,111.2,All,REG000003,Urban,Marine West Coast,Bronze,Outdoor Enthusiast,Store,CAT000077,BRA000060,Medium,0.93599,0.76935,111.37,0.0,1.552199074074074,,,PPH000000000006504,0.0,False,,0,,0.0,0.0,0.0,0.0,0.0,0.0,0.0,0.0,0.0,0.0,0.0,0.0,0.0,0.0,3.0,3.0,3.0,,,,,,,,,0,,NONE,,0.0,0.0,0.0,0.0,0.0,0.0,0.0,0.0,1.0,1.0,1.0,1.0,1,1,3,0,35,Partly Cloudy,0.0,0,,0,-2.980000000000004,-0.026757654664631442,-0.02526978417266189,0.02526978417266189,,0.0015287769784172816
