feature_name,feature_group,row_count,min,p01,p05,p25,median,mean,p75,p95,p99,max,std,nan_count,pos_inf_count,neg_inf_count
CurrentPrice,price,35000,3.81,12.98,29.1995,69.37,129.45,149.09077714285715,202.06,338.35,499.59020000000004,682.62,103.80726125214139,0,0,0
AppliedPrice,price,35000,4.16,13.5999,29.33,70.39750000000001,131.89,151.24586857142856,204.7425,341.23049999999995,508.6329000000006,729.26,104.74629873029888,0,0,0
BasePrice,price,35000,4.35,12.9,30.26,69.17,127.59,148.31691285714285,201.28,337.95,500.27,668.11,102.81971785610749,0,0,0
price_change_amount,price,35000,-62.88000000000011,-31.730100000000018,-18.639999999999986,-3.0,1.3400000000000007,2.155091428571429,8.490000000000009,21.880500000000005,33.87020000000005,59.26999999999998,12.184690109087631,0,0,0
price_change_pct,price,35000,-0.12009854239375901,-0.10698690384635484,-0.09428142054892036,-0.029914172968295176,0.015986967603187484,0.02045866989692359,0.08999072260591681,0.10702888470665248,0.11879796982468117,0.12020316027088052,0.06800166860055547,0,0,0
price_vs_base_pct,price,35000,-0.22782281753025496,-0.1531700441598051,-0.1017991486546006,-0.03582236226051607,0.022517165314995674,0.023977131677996418,0.08682324134906111,0.14855751331838654,0.18141203204205875,0.2622442653440794,0.07914072630804862,0,0,0
current_vs_base_pct,price,35000,-0.22379352361259827,-0.1604723591405391,-0.10237705205318937,-0.01982815598149377,0.015110224880912801,0.0041735873211489385,0.039862021925589665,0.07410201759192352,0.09561670480813621,0.1500050745965697,0.053588089081793515,0,0,0
discount_from_base_pct,price,35000,-0.2622442653440794,-0.18141203204205875,-0.14855751331838657,-0.08682324134906111,-0.022517165314995674,-0.023977131677996418,0.03582236226051607,0.10179914865460046,0.1531700441598054,0.22782281753025496,0.07914072630804862,0,0,0
active_history_selling_price,price_history,35000,3.81,12.98,29.1995,69.37,129.45,149.09077714285715,202.06,338.35,499.59020000000004,682.62,103.80726125214139,0,0,0
history_discount_pct,price_history,35000,0.0,0.0,0.0,0.0,0.0,1.889816857142857,1.98,10.240499999999956,16.05,22.38,3.6505162113481755,0,0,0
days_since_current_price_started,price_history,35000,0.0030208333333333333,0.9999893518518518,5.447692708333333,26.699189814814815,52.886059027777776,54.010800405092596,79.51094328703704,110.48797858796296,119.72191516203704,121.99800925925926,32.20636223816634,0,0,0
previous_selling_price,price_history,35000,3.95,13.09,29.274,68.96,129.61,149.14333137600312,202.69,339.46,499.74120000000033,686.31,103.54225541823646,9455,0,0
previous_price_change_pct,price_history,35000,-0.13303269447576088,-0.12385955211501244,-0.10700850743677286,-0.014120580999561884,0.007697494100460752,0.0011480542072362316,0.028872366790582443,0.07592345349354697,0.10177761207079368,0.13297232250300847,0.049952094321477826,9455,0,0
decision_month,calendar,35000,1.0,1.0,1.0,4.0,7.0,6.747428571428571,10.0,12.0,12.0,12.0,3.4893358703808564,0,0,0
decision_quarter,calendar,35000,1.0,1.0,1.0,2.0,3.0,2.5788,4.0,4.0,4.0,4.0,1.123345381311681,0,0,0
decision_day_of_week,calendar,35000,0.0,0.0,0.0,1.0,3.0,2.9843714285714285,5.0,6.0,6.0,6.0,1.9936789480142236,0,0,0
decision_is_weekend,calendar,35000,0.0,0.0,0.0,0.0,0.0,0.27962857142857145,1.0,1.0,1.0,1.0,0.44881670364346704,0,0,0
active_promotion_flag,promotion,35000,0.0,0.0,0.0,0.0,0.0,0.02637142857142857,0.0,0.0,1.0,1.0,0.16023725012159504,0,0,0
active_promotion_discount_pct,promotion,35000,5.53,5.56,6.8,11.85,19.37,22.484962080173347,31.9,47.96,53.49,55.54,12.670261591243678,34077,0,0
is_holiday,holiday_weather,35000,0.0,0.0,0.0,0.0,0.0,0.05814285714285714,0.0,1.0,1.0,1.0,0.2340133870233121,0,0,0
product_store_sales_7d,sales,35000,0.0,0.0,0.0,0.0,0.0,0.12337142857142858,0.0,1.0,3.0,11.0,0.5436722271849509,0,0,0
product_store_sales_14d,sales,35000,0.0,0.0,0.0,0.0,0.0,0.2412,0.0,2.0,4.0,12.0,0.8132437624371042,0,0,0
product_store_sales_30d,sales,35000,0.0,0.0,0.0,0.0,0.0,0.5095142857142857,0.0,3.0,6.0,20.0,1.3201821491516903,0,0,0
product_region_sales_7d,sales,35000,0.0,0.0,0.0,0.0,0.0,0.15082857142857142,0.0,1.0,3.0,13.0,0.6156709689767874,0,0,0
product_region_sales_14d,sales,35000,0.0,0.0,0.0,0.0,0.0,0.29282857142857144,0.0,2.0,4.0,13.0,0.900092058330362,0,0,0
product_region_sales_30d,sales,35000,0.0,0.0,0.0,0.0,0.0,0.6256857142857143,1.0,3.0,7.0,20.0,1.4715308699529512,0,0,0
product_sales_7d,sales,35000,0.0,0.0,0.0,0.0,0.0,0.5714571428571429,1.0,3.0,7.0,19.0,1.4024395651426667,0,0,0
product_sales_14d,sales,35000,0.0,0.0,0.0,0.0,0.0,1.1196857142857144,1.0,5.0,12.0,26.0,2.3087884054682206,0,0,0
product_sales_30d,sales,35000,0.0,0.0,0.0,0.0,1.0,2.354,3.0,9.0,23.0,42.0,4.183743846297067,0,0,0
product_sales_60d,sales,35000,0.0,0.0,0.0,0.0,2.0,4.536714285714286,5.0,16.0,39.0,69.0,7.415259984157877,0,0,0
product_sales_90d,sales,35000,0.0,0.0,0.0,1.0,3.0,6.594514285714285,8.0,23.0,57.0,94.0,10.382500864081498,0,0,0
category_store_sales_7d,sales,35000,0.0,0.0,0.0,0.0,0.0,0.32242857142857145,0.0,2.0,4.0,11.0,0.8337932866711983,0,0,0
category_store_sales_14d,sales,35000,0.0,0.0,0.0,0.0,0.0,0.6360571428571429,1.0,3.0,6.0,12.0,1.2631264599704777,0,0,0
category_store_sales_30d,sales,35000,0.0,0.0,0.0,0.0,0.0,1.3600571428571429,2.0,6.0,9.0,23.0,2.0885850294651935,0,0,0
category_sales_7d,sales,35000,0.0,0.0,1.0,3.0,6.0,10.709714285714286,16.0,32.0,43.0,68.0,10.319557987686512,0,0,0
category_sales_14d,sales,35000,0.0,1.0,3.0,8.0,13.0,21.2368,33.0,61.0,76.01000000000204,112.0,19.366744251496097,0,0,0
category_sales_30d,sales,35000,0.0,3.0,8.0,17.0,27.0,45.084942857142856,70.0,125.0,157.0,186.0,39.280359492421624,0,0,0
product_sales_velocity_7d,sales,35000,0.0,0.0,0.0,0.0,0.0,0.08163673469387754,0.14285714285714285,0.42857142857142855,1.0,2.7142857142857144,0.20034850930609518,0,0,0
product_sales_velocity_30d,sales,35000,0.0,0.0,0.0,0.0,0.03333333333333333,0.07846666666666666,0.1,0.3,0.7666666666666667,1.4,0.13945812820990222,0,0,0
product_sales_velocity_90d,sales,35000,0.0,0.0,0.0,0.011111111111111112,0.03333333333333333,0.07327238095238096,0.08888888888888889,0.25555555555555554,0.6333333333333333,1.0444444444444445,0.11536112071201665,0,0,0
product_sales_velocity_ratio_7d_30d,sales,35000,0.0,0.0,0.0,0.0,0.0,1.0536542536539806,1.8367346938775508,4.285714285714286,4.285714285714286,4.2857142857142865,1.4891065365349399,14711,0,0
days_since_last_product_sale,sales,35000,1.0,1.0,1.0,7.0,20.0,41.08940902161241,55.0,156.0,230.0,343.0,51.01492498570916,1547,0,0
competitor_price,optional_competitor,35000,5.84,12.9629,28.94,66.18,126.27000000000001,146.23353120925685,198.83249999999998,331.71,504.84,668.58,103.1134078562446,10456,0,0
competitor_price_exact_channel,optional_competitor,35000,10.66,12.94,26.48,43.38,82.81,115.18595476294041,161.65,300.782,443.17279999999994,632.0,93.36481757516339,32701,0,0
competitor_price_region_fallback,optional_competitor,35000,5.84,12.94,28.83,57.18,113.74,134.61825732762242,186.495,318.56399999999996,485.62460000000004,632.0,98.74797050763524,23093,0,0
competitor_price_product_fallback,optional_competitor,35000,5.84,13.18,28.714500000000005,66.06,125.92,146.10065392764017,198.865,332.46,505.6284999999997,668.58,103.01227410716318,10456,0,0
competitor_price_available,optional_competitor,35000,0.0,0.0,0.0,0.0,1.0,0.7012571428571429,1.0,1.0,1.0,1.0,0.4577068520887355,0,0,0
competitor_price_age_days,optional_competitor,35000,3.472222222222222e-05,0.1292271990740741,0.8893674768518519,4.903677662037037,11.084010416666667,12.370610097153563,19.24794560185185,27.54699652777777,29.449538078703704,29.999826388888888,8.56578437617147,10456,0,0
price_vs_competitor_pct,optional_competitor,35000,-0.3997370151216305,-0.22518524071676543,-0.16761063438874976,-0.06765801273393035,0.011311710168695914,0.019911180958808155,0.09868120754630859,0.2352502466651253,0.33618387674465067,0.6903002974191691,0.12355913634371034,10456,0,0
product_views_1h,behavior,35000,0.0,0.0,0.0,1.0,1.0,0.7810285714285714,1.0,1.0,2.0,3.0,0.461110552948874,0,0,0
product_views_24h,behavior,35000,0.0,0.0,0.0,1.0,1.0,0.8242,1.0,1.0,2.0,4.0,0.45347239953811647,0,0,0
product_views_168h,behavior,35000,0.0,0.0,0.0,1.0,1.0,0.8726857142857143,1.0,2.0,3.0,9.0,0.5757650200970418,0,0,0
product_views_720h,behavior,35000,0.0,0.0,0.0,1.0,1.0,1.0385142857142857,1.0,2.0,6.0,23.0,1.2171404748467631,0,0,0
cart_additions_1h,behavior,35000,0.0,0.0,0.0,0.0,0.0,0.27,1.0,1.0,1.0,2.0,0.4481868232907217,0,0,0
cart_additions_24h,behavior,35000,0.0,0.0,0.0,0.0,0.0,0.27945714285714285,1.0,1.0,1.0,3.0,0.4548038725087767,0,0,0
cart_additions_168h,behavior,35000,0.0,0.0,0.0,0.0,0.0,0.29154285714285716,1.0,1.0,1.0,5.0,0.4741035657115523,0,0,0
cart_additions_720h,behavior,35000,0.0,0.0,0.0,0.0,0.0,0.32774285714285717,1.0,1.0,2.0,8.0,0.5564032886242107,0,0,0
search_clicks_1h,behavior,35000,0.0,0.0,0.0,0.0,0.0,0.3000285714285714,1.0,1.0,1.0,1.0,0.458270038029001,0,0,0
search_clicks_24h,behavior,35000,0.0,0.0,0.0,0.0,0.0,0.30934285714285714,1.0,1.0,1.0,2.0,0.46284045031628296,0,0,0
search_clicks_168h,behavior,35000,0.0,0.0,0.0,0.0,0.0,0.3182857142857143,1.0,1.0,1.0,4.0,0.4754035020862997,0,0,0
search_clicks_720h,behavior,35000,0.0,0.0,0.0,0.0,0.0,0.3498,1.0,1.0,2.0,7.0,0.5434913220492643,0,0,0
CategoryAffinityScore,conditional_customer,35000,0.55004,0.55702,0.57363,0.6594,0.76816,0.767315972,0.87257,0.95728,0.97553,0.97999,0.12273407842010449,0,0,0
BrandAffinityScore,conditional_customer,35000,0.50009,0.50104,0.51668,0.60211,0.71851,0.7181769257142857,0.828415,0.93024,0.94362,0.95,0.1311947756638423,0,0,0
holiday_sales_impact_factor,holiday_weather,35000,0.85,0.87,0.98,1.1,1.25,1.3728206388206385,1.42,2.75,2.75,2.75,0.45001294523185703,32965,0,0
weather_temperature,holiday_weather,35000,15.0,21.0,29.0,51.0,65.0,63.501485714285714,77.0,92.0,102.0,113.0,18.899656779002143,0,0,0
weather_precipitation,holiday_weather,35000,0.0,0.0,0.0,0.0,0.0,0.20958457142857143,0.0,1.43,1.73,1.8,0.4579808841821293,0,0,0
