model_name,population,feature_set,training_start,training_end,evaluation_split,training_seconds,prediction_seconds,roc_auc,average_precision,log_loss,brier_score,ece,mae,rmse,r2,mean_poisson_deviance
purchase_dummy_prior,purchase,CORE,2025-01-01T08:12:26,2025-09-23T14:26:24,validation,0.5127763999917079,0.07606839999789372,0.5,0.17885714285714285,0.4698755578084077,0.14693323948354853,0.008122448979591856,,,,
purchase_dummy_prior,purchase,CORE,2025-01-01T08:12:26,2025-11-15T23:42:22,test,0.5177850000036415,0.07972280000103638,0.5,0.18514285714285714,0.479103443192219,0.150865142292211,0.00040336134453788913,,,,
purchase_logistic_core,purchase,CORE,2025-01-01T08:12:26,2025-09-23T14:26:24,validation,1.4663604999950621,0.07357910000428092,0.5004593593573564,0.17790142106169896,0.4755424448028758,0.1488640726795099,0.03212218962041481,,,,
purchase_logistic_core,purchase,CORE,2025-01-01T08:12:26,2025-11-15T23:42:22,test,1.7032164000120247,0.08139609999489039,0.526029431852506,0.198224848939275,0.4825975666616103,0.15195172395850157,0.02611584388587464,,,,
purchase_logistic_core_no_price,purchase,CORE_NO_PRICE,2025-01-01T08:12:26,2025-09-23T14:26:24,validation,1.1674328000081005,0.07208109999191947,0.5012546846872886,0.17810998379058834,0.47516582143794206,0.14873612599574967,0.027313849903641628,,,,
quantity_dummy_mean,quantity_purchased_only,CORE,2025-01-01T08:12:26,2025-09-23T12:30:18,validation,0.10401370000909083,0.04258280000067316,,,,,,0.4695451114351798,0.6336897828022066,-0.0005094900773796596,0.24302858245317835
quantity_dummy_mean,quantity_purchased_only,CORE,2025-01-01T08:12:26,2025-11-15T23:26:14,test,0.1228283999953419,0.04291370000282768,,,,,,0.471217272022425,0.6388924352050224,-0.00022118790805558675,0.24678758383121435
quantity_poisson_core,quantity_purchased_only,CORE,2025-01-01T08:12:26,2025-09-23T12:30:18,validation,0.148108699999284,0.05041450000135228,,,,,,0.4802318364680323,0.6350632342864145,-0.004851174102414868,0.24435339579640508
quantity_poisson_core,quantity_purchased_only,CORE,2025-01-01T08:12:26,2025-11-15T23:26:14,test,0.17473829998925794,0.07248479999543633,,,,,,0.4670921468977555,0.6400303058664499,-0.00378715858705414,0.24795237058616384
