trial_number,parameters,fold_1_log_loss,fold_2_log_loss,fold_3_log_loss,mean_log_loss,std_log_loss,mean_brier,mean_average_precision,mean_roc_auc,best_iteration_fold_1,best_iteration_fold_2,best_iteration_fold_3,duration_seconds,state,depth
0,"{""bagging_temperature"": 0.7800932022121826, ""bootstrap_type"": ""Bayesian"", ""border_count"": 254, ""depth"": 10, ""iterations"": 3000, ""l2_leaf_reg"": 12.057126287443763, ""learning_rate"": 0.03553295925546116, ""loss_function"": ""Logloss"", ""random_strength"": 1.7959754525911098}",0.44973680283935447,0.4652939356073247,0.4670875746759183,0.4607061043741991,0.007790954900774615,0.1440854749714802,0.234471995004676,0.598181551849941,195,110,147,129.64182530000107,COMPLETE,10
1,"{""bagging_temperature"": 4.162213204002109, ""bootstrap_type"": ""Bayesian"", ""border_count"": 64, ""depth"": 8, ""iterations"": 3000, ""l2_leaf_reg"": 1.0725209743171995, ""learning_rate"": 0.05986958817842516, ""loss_function"": ""Logloss"", ""random_strength"": 2.909729556485983}",0.4537533084940468,0.46819304306629983,0.47038955458741044,0.46411196871591903,0.007379365235110722,0.14502665201997697,0.2236857673586361,0.5733569788441669,67,47,65,63.98687530000461,COMPLETE,8
2,"{""bagging_temperature"": 3.0592644736118975, ""bootstrap_type"": ""Bayesian"", ""border_count"": 254, ""depth"": 7, ""iterations"": 3000, ""l2_leaf_reg"": 4.345454109729475, ""learning_rate"": 0.030222716826237984, ""loss_function"": ""Logloss"", ""random_strength"": 0.8736874205941257}",0.44961698949160495,0.4657018544838579,0.4686940864912128,0.4613376434888919,0.008377297125348111,0.1442682649901916,0.23051710888345087,0.5951018025557532,222,122,154,89.57102699999814,COMPLETE,7
3,"{""bagging_temperature"": 2.9620728443102124, ""bootstrap_type"": ""Bayesian"", ""border_count"": 128, ""depth"": 9, ""iterations"": 3000, ""l2_leaf_reg"": 1.9721610970573997, ""learning_rate"": 0.04287076598710403, ""loss_function"": ""Logloss"", ""random_strength"": 1.5427033152408347}",0.4506082794613143,0.46661600678558884,0.46939180819745163,0.46220536481478486,0.008278307391058747,0.14448998525373277,0.2304383199392768,0.5871395302873575,81,62,86,88.47727619999205,COMPLETE,9
4,"{""bagging_temperature"": 1.5230688458668533, ""bootstrap_type"": ""Bayesian"", ""border_count"": 128, ""depth"": 10, ""iterations"": 3000, ""l2_leaf_reg"": 26.690431824362527, ""learning_rate"": 0.017423798983869667, ""loss_function"": ""Logloss"", ""random_strength"": 2.4251920443493833}",0.4496738559076632,0.4649621824062902,0.4670830373485149,0.4605730252208227,0.007755360520705645,0.14404217434977298,0.2356611242899711,0.5997028053634952,516,479,450,305.3111164000002,COMPLETE,10
5,"{""bagging_temperature"": 1.2938999080000846, ""bootstrap_type"": ""Bayesian"", ""border_count"": 64, ""depth"": 7, ""iterations"": 3000, ""l2_leaf_reg"": 1.1240768803005543, ""learning_rate"": 0.019866872010149028, ""loss_function"": ""Logloss"", ""random_strength"": 2.7279612062363463}",0.44838207343308195,0.46479896897021217,0.46731326140669033,0.46016476793666145,0.0083946146998158,0.1439123240091813,0.23718843647527033,0.6007392656821559,476,381,340,183.86032770000747,COMPLETE,7
6,"{""bagging_temperature"": 4.697494707820946, ""bootstrap_type"": ""Bayesian"", ""border_count"": 254, ""depth"": 5, ""iterations"": 3000, ""l2_leaf_reg"": 27.05166881899929, ""learning_rate"": 0.05282038208201802, ""loss_function"": ""Logloss"", ""random_strength"": 2.3253984700833437}",0.4497688905379132,0.4658020989690512,0.4685417008178535,0.46137089677493925,0.008279745008774321,0.14426361408219449,0.23387503653733668,0.5917049135006666,288,327,230,89.99178720000782,COMPLETE,5
7,"{""bagging_temperature"": 1.9433864484474102, ""bootstrap_type"": ""Bayesian"", ""border_count"": 128, ""depth"": 5, ""iterations"": 3000, ""l2_leaf_reg"": 1.166289027393138, ""learning_rate"": 0.018390086038781284, ""loss_function"": ""Logloss"", ""random_strength"": 0.975990992289793}",0.44970521555485776,0.46497921963407907,0.4672032666885511,0.46062923395916267,0.007777627311647185,0.14408154198305115,0.23399565554992577,0.601693108115504,456,572,428,145.23063629999524,COMPLETE,5
8,"{""bagging_temperature"": 0.3727532183988541, ""bootstrap_type"": ""Bayesian"", ""border_count"": 64, ""depth"": 7, ""iterations"": 3000, ""l2_leaf_reg"": 1.6149614799999181, ""learning_rate"": 0.02864347920156805, ""loss_function"": ""Logloss"", ""random_strength"": 2.406590942262119}",0.4491938423760822,0.465028200484049,0.4667971153547798,0.4603397194049703,0.007914341244950867,0.14401000507196166,0.2362008668639831,0.6022750417854335,278,213,315,115.02458230000047,COMPLETE,7
9,"{""bagging_temperature"": 3.8563517334297286, ""bootstrap_type"": ""Bayesian"", ""border_count"": 128, ""depth"": 9, ""iterations"": 3000, ""l2_leaf_reg"": 11.06914321939345, ""learning_rate"": 0.015191944885997219, ""loss_function"": ""Logloss"", ""random_strength"": 2.1870215041229617}",0.4507383719506536,0.4659327527732302,0.4688894245081067,0.46185351641066347,0.007951742124093369,0.14441404914110023,0.22974851467490157,0.5882681491918368,475,339,341,204.26994399999967,COMPLETE,9
10,"{""bagging_temperature"": 2.2217584194120983, ""bootstrap_type"": ""Bayesian"", ""border_count"": 64, ""depth"": 4, ""iterations"": 3000, ""l2_leaf_reg"": 3.504750508385011, ""learning_rate"": 0.13219888837101973, ""loss_function"": ""Logloss"", ""random_strength"": 0.05388562684446008}",0.4500937963136329,0.4652000706533923,0.46756397577498715,0.46095261424733747,0.0077387534329495826,0.14418210373297932,0.23529937793528108,0.597639763267327,116,134,51,47.11584539999603,COMPLETE,4
11,"{""bagging_temperature"": 0.05298118404310298, ""bootstrap_type"": ""Bayesian"", ""border_count"": 64, ""depth"": 7, ""iterations"": 3000, ""l2_leaf_reg"": 2.0313025191944334, ""learning_rate"": 0.026234110077179826, ""loss_function"": ""Logloss"", ""random_strength"": 2.985907556890467}",0.4482100368091591,0.46557952657253715,0.4670492194501036,0.4602795942772666,0.008555530858088415,0.14397056653212725,0.23329152933314048,0.5998829317317816,403,175,392,122.91023039999709,COMPLETE,7
12,"{""bagging_temperature"": 0.07961262699394456, ""bootstrap_type"": ""Bayesian"", ""border_count"": 64, ""depth"": 7, ""iterations"": 3000, ""l2_leaf_reg"": 2.9218230322799688, ""learning_rate"": 0.023361255991967006, ""loss_function"": ""Logloss"", ""random_strength"": 2.9106462501022468}",0.44855708977853354,0.4648000091738973,0.4671284596494134,0.46016185286728145,0.00826068258534393,0.1439597607328088,0.23452501926375005,0.6024760691525759,489,557,436,188.70291020000877,COMPLETE,7
13,"{""bagging_temperature"": 1.1045738337100433, ""bootstrap_type"": ""Bayesian"", ""border_count"": 64, ""depth"": 6, ""iterations"": 3000, ""l2_leaf_reg"": 4.109548879444683, ""learning_rate"": 0.02210601718908908, ""loss_function"": ""Logloss"", ""random_strength"": 2.783835163973486}",0.4485274346869585,0.46498358003647633,0.4672370368250615,0.4602493505161655,0.008339544348254868,0.14398652353351502,0.23296139477172004,0.6018945013671343,595,478,363,161.90034829999786,COMPLETE,6
14,"{""bagging_temperature"": 0.8560194923880415, ""bootstrap_type"": ""Bayesian"", ""border_count"": 64, ""depth"": 6, ""iterations"": 3000, ""l2_leaf_reg"": 2.790331222035444, ""learning_rate"": 0.08871872083455569, ""loss_function"": ""Logloss"", ""random_strength"": 1.9343836080210308}",0.44917018887029175,0.4653804147039517,0.46695707690407984,0.4605025601594411,0.00803900678772697,0.144031281350088,0.23402243333226505,0.5997653972843292,83,62,112,69.94765610000468,COMPLETE,6
15,"{""bagging_temperature"": 1.5611746796105823, ""bootstrap_type"": ""Bayesian"", ""border_count"": 64, ""depth"": 8, ""iterations"": 3000, ""l2_leaf_reg"": 7.269377550630606, ""learning_rate"": 0.022477585510943407, ""loss_function"": ""Logloss"", ""random_strength"": 2.6344108036036773}",0.44918459419498946,0.4655554064974778,0.4672764998237359,0.4606721668387344,0.008153272737308629,0.14408104611030775,0.23324765585971066,0.597349156736063,460,298,250,157.24761989999388,COMPLETE,8
16,"{""bagging_temperature"": 0.14592756089081818, ""bootstrap_type"": ""Bayesian"", ""border_count"": 64, ""depth"": 6, ""iterations"": 3000, ""l2_leaf_reg"": 6.139528505681866, ""learning_rate"": 0.040604638806413226, ""loss_function"": ""Logloss"", ""random_strength"": 2.6388417801795367}",0.4494170942473838,0.46558238074435226,0.4666538670266056,0.46055111400611387,0.007885083711418175,0.14405800977225477,0.23105447657305436,0.600152722709068,214,188,276,69.57954799999425,COMPLETE,6
17,"{""bagging_temperature"": 2.609392196373011, ""bootstrap_type"": ""Bayesian"", ""border_count"": 64, ""depth"": 8, ""iterations"": 3000, ""l2_leaf_reg"": 1.5487519881958562, ""learning_rate"": 0.02398454175685534, ""loss_function"": ""Logloss"", ""random_strength"": 1.993853913044353}",0.4481120625634959,0.46657788833477887,0.46826337847859173,0.4609844431256222,0.0091281197501047,0.14415800011769203,0.2326353166528949,0.5923661115974325,301,134,162,91.56597459998738,COMPLETE,8
18,"{""bagging_temperature"": 1.3146474593438182, ""bootstrap_type"": ""Bayesian"", ""border_count"": 64, ""depth"": 7, ""iterations"": 3000, ""l2_leaf_reg"": 2.674171416275427, ""learning_rate"": 0.019574083635711774, ""loss_function"": ""Logloss"", ""random_strength"": 1.4779006259872283}",0.4492095989475903,0.4647539444324594,0.4671127550437401,0.4603587661412633,0.007942247528641895,0.14400828919237899,0.23398807019751197,0.601322696364774,401,224,429,141.161754700006,COMPLETE,7
19,"{""bagging_temperature"": 0.6026169035416775, ""bootstrap_type"": ""Bayesian"", ""border_count"": 254, ""depth"": 5, ""iterations"": 3000, ""l2_leaf_reg"": 1.0052418199253972, ""learning_rate"": 0.01516461464425865, ""loss_function"": ""Logloss"", ""random_strength"": 2.5156823991094552}",0.44844590096581055,0.46524205667217267,0.4669049184333494,0.4601976253571109,0.008337407548153411,0.14398725451059524,0.23356797189971,0.6022114205238124,890,403,752,177.02836409999873,COMPLETE,5
20,"{""bagging_temperature"": 2.181030855185175, ""bootstrap_type"": ""Bayesian"", ""border_count"": 64, ""depth"": 9, ""iterations"": 3000, ""l2_leaf_reg"": 5.776927430138007, ""learning_rate"": 0.03240594044229536, ""loss_function"": ""Logloss"", ""random_strength"": 2.967467331235776}",0.4498192822603968,0.46567186098868196,0.46817262354556494,0.46122125559821453,0.00812679520018838,0.1442339434559989,0.23309912264896449,0.5937651753803799,265,147,126,125.43713990000833,COMPLETE,9
21,"{""bagging_temperature"": 0.6270391352626046, ""bootstrap_type"": ""Bayesian"", ""border_count"": 254, ""depth"": 4, ""iterations"": 3000, ""l2_leaf_reg"": 1.0657065391331333, ""learning_rate"": 0.016546746935944136, ""loss_function"": ""Logloss"", ""random_strength"": 2.5806115957790507}",0.4488151836279165,0.4650009872603237,0.466896411500236,0.46023752746282537,0.008113799450092109,0.14396856962755614,0.23301299168582665,0.6023551461404265,716,691,682,161.87888270000985,COMPLETE,4
22,"{""bagging_temperature"": 0.5905203492549302, ""bootstrap_type"": ""Bayesian"", ""border_count"": 254, ""depth"": 5, ""iterations"": 3000, ""l2_leaf_reg"": 1.4854864922899729, ""learning_rate"": 0.015465803944338084, ""loss_function"": ""Logloss"", ""random_strength"": 2.1518855029441957}",0.44874852360220163,0.46510361790098403,0.46655522686813555,0.46013578945710715,0.008073791339311008,0.14394828833724585,0.23488486494439198,0.6041488469664628,723,380,719,153.70729559999018,COMPLETE,5
23,"{""bagging_temperature"": 1.0322143411938771, ""bootstrap_type"": ""Bayesian"", ""border_count"": 254, ""depth"": 6, ""iterations"": 3000, ""l2_leaf_reg"": 1.5160462372699866, ""learning_rate"": 0.021351226789364436, ""loss_function"": ""Logloss"", ""random_strength"": 2.146196048200724}",0.4489454945978493,0.46456167548831484,0.4672391872902044,0.46024878579212286,0.008067034202200984,0.14394548991684022,0.23474889005339328,0.6014157725027668,446,721,351,161.09853299999668,COMPLETE,6
24,"{""bagging_temperature"": 0.08198219751269561, ""bootstrap_type"": ""Bayesian"", ""border_count"": 254, ""depth"": 5, ""iterations"": 3000, ""l2_leaf_reg"": 2.0342341502492305, ""learning_rate"": 0.025655521212525102, ""loss_function"": ""Logloss"", ""random_strength"": 1.6793184669918195}",0.4489829366076928,0.46488702456917286,0.4668736659242576,0.46024787570037445,0.008006698259990544,0.14396710591131298,0.23326225006937043,0.6007690452353334,343,179,400,101.26742539998668,COMPLETE,5
25,"{""bagging_temperature"": 1.6892371381024656, ""bootstrap_type"": ""Bayesian"", ""border_count"": 254, ""depth"": 8, ""iterations"": 3000, ""l2_leaf_reg"": 2.7277048594413555, ""learning_rate"": 0.01959822568090465, ""loss_function"": ""Logloss"", ""random_strength"": 2.182611788035248}",0.44921623571088004,0.46508804046051083,0.46739495914889534,0.4605664117734287,0.008080855604321632,0.14406325739855558,0.23515091018118084,0.5984354687716996,441,232,388,194.21625399999903,COMPLETE,8
26,"{""bagging_temperature"": 0.4652585475560227, ""bootstrap_type"": ""Bayesian"", ""border_count"": 64, ""depth"": 4, ""iterations"": 3000, ""l2_leaf_reg"": 1.472784883961319, ""learning_rate"": 0.018543911935420914, ""loss_function"": ""Logloss"", ""random_strength"": 1.1964139184402787}",0.4485364768229701,0.4642518937788036,0.46667901778719795,0.4598224627963239,0.008041676536688306,0.14382889901758236,0.23693655204232597,0.6053544971471103,510,912,376,163.643900199997,COMPLETE,4
27,"{""bagging_temperature"": 0.48474311023456423, ""bootstrap_type"": ""Bayesian"", ""border_count"": 64, ""depth"": 4, ""iterations"": 3000, ""l2_leaf_reg"": 1.5110134386620724, ""learning_rate"": 0.025542636501660002, ""loss_function"": ""Logloss"", ""random_strength"": 1.140237200344357}",0.44893031653484033,0.4648643849084072,0.4666963271140688,0.4601636761857721,0.007978315605297796,0.14393235174252722,0.23349248219864793,0.6031383061033169,330,221,260,80.18546470000001,COMPLETE,4
28,"{""bagging_temperature"": 0.33281757915230314, ""bootstrap_type"": ""Bayesian"", ""border_count"": 128, ""depth"": 4, ""iterations"": 3000, ""l2_leaf_reg"": 3.197470386409182, ""learning_rate"": 0.03559992589353743, ""loss_function"": ""Logloss"", ""random_strength"": 0.5601712516106058}",0.4492489486589653,0.46445171480024994,0.46675276669109567,0.46015114338343704,0.007766041347164998,0.14396351740780164,0.2345709267382653,0.603142937830193,246,154,201,68.12563789999695,COMPLETE,4
29,"{""bagging_temperature"": 0.8217182626308464, ""bootstrap_type"": ""Bayesian"", ""border_count"": 128, ""depth"": 4, ""iterations"": 3000, ""l2_leaf_reg"": 2.210382788972494, ""learning_rate"": 0.03684456033431018, ""loss_function"": ""Logloss"", ""random_strength"": 0.39915078640348267}",0.44878904005391435,0.46459107230251,0.46672727394273,0.46003579543305145,0.00800033204646456,0.1439043768952907,0.238108857618841,0.6041471866978724,263,159,119,58.74758279998787,COMPLETE,4
30,"{""bagging_temperature"": 0.8517824668844063, ""bootstrap_type"": ""Bayesian"", ""border_count"": 128, ""depth"": 4, ""iterations"": 3000, ""l2_leaf_reg"": 2.2604113753217154, ""learning_rate"": 0.07335472814180709, ""loss_function"": ""Logloss"", ""random_strength"": 0.23545441972476705}",0.4495834630747294,0.4640241366819506,0.46675862796761886,0.46012207590809956,0.007535079339843537,0.14388960908019888,0.23900469771115296,0.6026690325972428,73,43,111,39.426169999991544,COMPLETE,4
31,"{""bagging_temperature"": 0.8457579509778805, ""bootstrap_type"": ""Bayesian"", ""border_count"": 128, ""depth"": 4, ""iterations"": 3000, ""l2_leaf_reg"": 1.90004549198699, ""learning_rate"": 0.06084596520690115, ""loss_function"": ""Logloss"", ""random_strength"": 0.0969956339834264}",0.45005418782624634,0.4644106978893293,0.4668889134796607,0.46045126639841216,0.007421132898908002,0.1440280127973976,0.23790478193414513,0.6030392090632661,96,57,62,44.7954405000055,COMPLETE,4
32,"{""bagging_temperature"": 0.8712585248910545, ""bootstrap_type"": ""Bayesian"", ""border_count"": 128, ""depth"": 5, ""iterations"": 3000, ""l2_leaf_reg"": 2.394711272205508, ""learning_rate"": 0.09800950984397558, ""loss_function"": ""Logloss"", ""random_strength"": 0.4488055812248525}",0.4495830423791671,0.4651252411229213,0.4669888903698165,0.4605657246239683,0.0078031095979559,0.14406737587421733,0.2335286938174085,0.6008773646868684,63,35,38,46.42002330000105,COMPLETE,5
33,"{""bagging_temperature"": 1.2307944124503691, ""bootstrap_type"": ""Bayesian"", ""border_count"": 128, ""depth"": 4, ""iterations"": 3000, ""l2_leaf_reg"": 1.3674928850367802, ""learning_rate"": 0.0716642259655576, ""loss_function"": ""Logloss"", ""random_strength"": 0.29343023227707044}",0.451132711384612,0.46467292081020906,0.4670046751822348,0.4609367691256853,0.006997567708644193,0.144148280341068,0.23507219304490326,0.602641100402103,56,87,54,45.0981432999979,COMPLETE,4
34,"{""bagging_temperature"": 0.6661410744783771, ""bootstrap_type"": ""Bayesian"", ""border_count"": 128, ""depth"": 5, ""iterations"": 3000, ""l2_leaf_reg"": 2.302020326840941, ""learning_rate"": 0.04255523380179271, ""loss_function"": ""Logloss"", ""random_strength"": 0.5955870625327837}",0.4487197045594663,0.46463591822859657,0.46691879646599826,0.460091473084687,0.008094884096559648,0.14386927104655886,0.2383501706284633,0.603802406952727,114,88,82,63.41593940000166,COMPLETE,5
35,"{""bagging_temperature"": 0.843547603487963, ""bootstrap_type"": ""Bayesian"", ""border_count"": 128, ""depth"": 4, ""iterations"": 3000, ""l2_leaf_reg"": 3.919279211543739, ""learning_rate"": 0.046909856915972124, ""loss_function"": ""Logloss"", ""random_strength"": 0.6183057530027418}",0.4488601347422641,0.46440982320604635,0.4663264812681832,0.45986547973883124,0.00782119378790251,0.14388030295595608,0.23584552288755448,0.6053019378301533,265,79,147,67.9320335000084,COMPLETE,4
36,"{""bagging_temperature"": 1.76497958632598, ""bootstrap_type"": ""Bayesian"", ""border_count"": 128, ""depth"": 5, ""iterations"": 3000, ""l2_leaf_reg"": 4.211420872186146, ""learning_rate"": 0.04745492021413043, ""loss_function"": ""Logloss"", ""random_strength"": 0.7003226309600996}",0.44850521106359525,0.4649200102033912,0.4678629684957096,0.4604293965875654,0.008516842184171498,0.14401183118468214,0.23224897471541536,0.6005779452968126,324,84,114,84.31724820000818,COMPLETE,5
37,"{""bagging_temperature"": 1.3693693607400672, ""bootstrap_type"": ""Bayesian"", ""border_count"": 128, ""depth"": 4, ""iterations"": 3000, ""l2_leaf_reg"": 5.309169008508399, ""learning_rate"": 0.039892966261841044, ""loss_function"": ""Logloss"", ""random_strength"": 1.2169790266824942}",0.4492824692576049,0.4648694777694122,0.46710625978597664,0.4604194022709979,0.007927767914363152,0.14402188104226954,0.23383892391963582,0.6034976612061221,224,267,166,81.09226219999255,COMPLETE,4
38,"{""bagging_temperature"": 0.3420380048273595, ""bootstrap_type"": ""Bayesian"", ""border_count"": 128, ""depth"": 5, ""iterations"": 3000, ""l2_leaf_reg"": 3.6719760796414125, ""learning_rate"": 0.05032646207712528, ""loss_function"": ""Logloss"", ""random_strength"": 0.7833708506919611}",0.44953198510697734,0.4649531067701341,0.466913382771438,0.46046615821618314,0.007772934953494358,0.14406066534489245,0.23189259634420833,0.6011931573511643,169,99,114,65.52406959999644,COMPLETE,5
39,"{""bagging_temperature"": 1.1472139650353366, ""bootstrap_type"": ""Bayesian"", ""border_count"": 128, ""depth"": 4, ""iterations"": 3000, ""l2_leaf_reg"": 9.061770295035224, ""learning_rate"": 0.03499435222041554, ""loss_function"": ""Logloss"", ""random_strength"": 1.0514848905879082}",0.4493533341141892,0.46482334902170175,0.4661508460858909,0.4601091764072606,0.007624813426741471,0.14395022931006138,0.2359926005351196,0.6049341137977822,307,339,371,110.27687770000193,COMPLETE,4
40,"{""bagging_temperature"": 3.442508401830645, ""bootstrap_type"": ""Bayesian"", ""border_count"": 128, ""depth"": 5, ""iterations"": 3000, ""l2_leaf_reg"": 4.852031124630898, ""learning_rate"": 0.05968227527312495, ""loss_function"": ""Logloss"", ""random_strength"": 1.3333443689767268}",0.4498005574927311,0.46591951084162236,0.46790723868480905,0.46120910233972084,0.008107771462778851,0.14418179928393224,0.23533678733623883,0.5945045359284258,221,356,148,106.01391610001156,COMPLETE,5
41,"{""bagging_temperature"": 1.1053098797664103, ""bootstrap_type"": ""Bayesian"", ""border_count"": 128, ""depth"": 4, ""iterations"": 3000, ""l2_leaf_reg"": 17.722639012975705, ""learning_rate"": 0.03480838825721549, ""loss_function"": ""Logloss"", ""random_strength"": 0.9224791545782542}",0.4481253103329074,0.4646609847512811,0.46663169733468735,0.45980599747295864,0.008298584862068031,0.14386626150271234,0.2334008074265995,0.605006103669448,415,180,381,102.5387805000064,COMPLETE,4
42,"{""bagging_temperature"": 1.0376544753234085, ""bootstrap_type"": ""Bayesian"", ""border_count"": 128, ""depth"": 4, ""iterations"": 3000, ""l2_leaf_reg"": 18.236973077867596, ""learning_rate"": 0.04513817886637666, ""loss_function"": ""Logloss"", ""random_strength"": 0.9037869317638867}",0.44854075907816904,0.464699417398647,0.46686369915580894,0.46003462521087507,0.008175277686966551,0.1439052510278633,0.2344306082095933,0.6038539942548863,266,135,200,83.01888659999531,COMPLETE,4
43,"{""bagging_temperature"": 1.4269725818567431, ""bootstrap_type"": ""Bayesian"", ""border_count"": 128, ""depth"": 4, ""iterations"": 3000, ""l2_leaf_reg"": 19.702852230810244, ""learning_rate"": 0.02984650281418785, ""loss_function"": ""Logloss"", ""random_strength"": 0.9387241539393733}",0.44988878908741853,0.46516755649359687,0.46661848296911884,0.46055827618337813,0.007567684061299872,0.14404144345152495,0.23421989915917762,0.6019505110907338,273,148,436,105.77038809999067,COMPLETE,4
44,"{""bagging_temperature"": 2.017952906498573, ""bootstrap_type"": ""Bayesian"", ""border_count"": 128, ""depth"": 4, ""iterations"": 3000, ""l2_leaf_reg"": 16.907338384733738, ""learning_rate"": 0.04652852018078732, ""loss_function"": ""Logloss"", ""random_strength"": 0.79685427691762}",0.4484431912851718,0.464681088060757,0.4671468069591408,0.46009036210168985,0.008297083159895179,0.14390321150774799,0.23842929263023768,0.6057955243052516,273,128,360,90.33484830000089,COMPLETE,4
45,"{""bagging_temperature"": 0.993636108361037, ""bootstrap_type"": ""Bayesian"", ""border_count"": 128, ""depth"": 4, ""iterations"": 3000, ""l2_leaf_reg"": 16.980688727388156, ""learning_rate"": 0.055252950974246415, ""loss_function"": ""Logloss"", ""random_strength"": 0.40761976599774113}",0.4499179475361489,0.46487400649625166,0.4666778700028106,0.46048994134507043,0.007511713994798589,0.1440411628643156,0.23620415957613283,0.6020005899971851,147,77,87,58.47076769999694,COMPLETE,4
46,"{""bagging_temperature"": 1.7736849286633332, ""bootstrap_type"": ""Bayesian"", ""border_count"": 128, ""depth"": 4, ""iterations"": 3000, ""l2_leaf_reg"": 13.190948869649672, ""learning_rate"": 0.03737806503921515, ""loss_function"": ""Logloss"", ""random_strength"": 1.287847587641692}",0.4488117254483457,0.46450156631763956,0.4670397772658244,0.46011768967726985,0.008061399757017241,0.14391257981337244,0.23683198672996927,0.6025076618731954,422,256,270,99.27466940000886,COMPLETE,4
47,"{""bagging_temperature"": 0.3223933462181914, ""bootstrap_type"": ""Bayesian"", ""border_count"": 128, ""depth"": 4, ""iterations"": 3000, ""l2_leaf_reg"": 20.800552628057012, ""learning_rate"": 0.033499561479207275, ""loss_function"": ""Logloss"", ""random_strength"": 1.0770315358884235}",0.44794900231508455,0.4648119125195861,0.46646413091638056,0.4597416819170171,0.008365919975434179,0.14383637872487273,0.23382932905004283,0.604826409046842,374,129,305,86.74565569999686,COMPLETE,4
48,"{""bagging_temperature"": 4.697886931795921, ""bootstrap_type"": ""Bayesian"", ""border_count"": 128, ""depth"": 5, ""iterations"": 3000, ""l2_leaf_reg"": 29.80042712189824, ""learning_rate"": 0.03270262517870076, ""loss_function"": ""Logloss"", ""random_strength"": 1.4971352719830018}",0.44916880958762384,0.4657743223512774,0.46832499752731965,0.46108937648874027,0.0084931903073939,0.1442085691992469,0.2318839336913445,0.595621938496304,563,306,443,161.38902029999008,COMPLETE,5
49,"{""bagging_temperature"": 0.3138661665363607, ""bootstrap_type"": ""Bayesian"", ""border_count"": 128, ""depth"": 10, ""iterations"": 3000, ""l2_leaf_reg"": 22.585524589455698, ""learning_rate"": 0.04457734627085458, ""loss_function"": ""Logloss"", ""random_strength"": 0.9907225051468881}",0.450342983336518,0.4653445039743959,0.46739064964461796,0.461026045651844,0.007600111549654836,0.14421158703685488,0.2332769052198567,0.5988481279984944,117,86,73,133.1777798999974,COMPLETE,10
50,"{""bagging_temperature"": 0.45947367571639514, ""bootstrap_type"": ""Bayesian"", ""border_count"": 128, ""depth"": 4, ""iterations"": 3000, ""l2_leaf_reg"": 12.70299880410052, ""learning_rate"": 0.0653521371191495, ""loss_function"": ""Logloss"", ""random_strength"": 1.0979891035705434}",0.4489607349739141,0.4646085406784966,0.4666216011406709,0.4600636255976939,0.007893826206126959,0.14387821141006296,0.23615544409631842,0.6039806561631407,95,64,192,61.057154599999194,COMPLETE,4
51,"{""bagging_temperature"": 1.056917278915074, ""bootstrap_type"": ""Bayesian"", ""border_count"": 128, ""depth"": 4, ""iterations"": 3000, ""l2_leaf_reg"": 22.075930768946016, ""learning_rate"": 0.027626063366048694, ""loss_function"": ""Logloss"", ""random_strength"": 0.8545755536303972}",0.4487927913433628,0.4645406264030573,0.4666499147584222,0.4599944441682808,0.007967435549326775,0.1438933800173269,0.23635071304440056,0.6037834380849622,363,343,320,82.0736043999932,COMPLETE,4
52,"{""bagging_temperature"": 1.0446057118280205, ""bootstrap_type"": ""Bayesian"", ""border_count"": 128, ""depth"": 4, ""iterations"": 3000, ""l2_leaf_reg"": 21.935633546704256, ""learning_rate"": 0.028370589577159162, ""loss_function"": ""Logloss"", ""random_strength"": 0.8964983334206511}",0.4479507051966879,0.46436618960932763,0.4665009783653999,0.45960595772380514,0.00828746098478168,0.14377435026441232,0.23813606973651547,0.6043971744508011,609,220,281,90.86727170000086,COMPLETE,4
53,"{""bagging_temperature"": 1.5719489388172052, ""bootstrap_type"": ""Bayesian"", ""border_count"": 128, ""depth"": 4, ""iterations"": 3000, ""l2_leaf_reg"": 24.69887649101349, ""learning_rate"": 0.028241501377365873, ""loss_function"": ""Logloss"", ""random_strength"": 0.6551821730711695}",0.4489714014774828,0.4645746312078493,0.4668711958642307,0.4601390761831876,0.007952201835741845,0.14394718417544236,0.23554966556948886,0.6027844509554828,548,279,342,107.60833460000867,COMPLETE,4
54,"{""bagging_temperature"": 4.40371979794377, ""bootstrap_type"": ""Bayesian"", ""border_count"": 128, ""depth"": 5, ""iterations"": 3000, ""l2_leaf_reg"": 15.402175569352195, ""learning_rate"": 0.03239699635765877, ""loss_function"": ""Logloss"", ""random_strength"": 1.3588230720393004}",0.44827556542687513,0.465442898656877,0.4679834888766484,0.4605673176534668,0.008753248131070788,0.1440124288318995,0.23659453116805773,0.5984966377685369,607,818,546,207.630548000001,COMPLETE,5
55,"{""bagging_temperature"": 0.2558284060376742, ""bootstrap_type"": ""Bayesian"", ""border_count"": 128, ""depth"": 4, ""iterations"": 3000, ""l2_leaf_reg"": 10.067147530221902, ""learning_rate"": 0.028884448619644343, ""loss_function"": ""Logloss"", ""random_strength"": 0.7842766901492633}",0.4484655037260091,0.46504739608531376,0.4665936338153796,0.4600355112089008,0.008205547621176701,0.14389904386392235,0.2324312895413142,0.6033602673124446,239,125,200,66.67789409999386,COMPLETE,4
56,"{""bagging_temperature"": 0.6914349010271862, ""bootstrap_type"": ""Bayesian"", ""border_count"": 64, ""depth"": 5, ""iterations"": 3000, ""l2_leaf_reg"": 20.862977694188267, ""learning_rate"": 0.026621254997770728, ""loss_function"": ""Logloss"", ""random_strength"": 1.169132024465179}",0.4487374090736593,0.4647327936852731,0.46691454902211305,0.46012825059368173,0.008103639799010453,0.14392384576421713,0.2342400880560691,0.6034004039600884,276,177,207,90.18058640000527,COMPLETE,5
57,"{""bagging_temperature"": 1.233045082842966, ""bootstrap_type"": ""Bayesian"", ""border_count"": 128, ""depth"": 4, ""iterations"": 3000, ""l2_leaf_reg"": 14.568400140627249, ""learning_rate"": 0.017756882547949458, ""loss_function"": ""Logloss"", ""random_strength"": 1.6471080363198622}",0.44914805941432207,0.4646818439622758,0.4665858241749127,0.4601385758505035,0.007810244290375265,0.1439112826772758,0.2366874758184323,0.6037209960681761,521,343,611,143.06359890000022,COMPLETE,4
58,"{""bagging_temperature"": 2.4613194777732095, ""bootstrap_type"": ""Bayesian"", ""border_count"": 64, ""depth"": 4, ""iterations"": 3000, ""l2_leaf_reg"": 24.637333815017996, ""learning_rate"": 0.020958631922066172, ""loss_function"": ""Logloss"", ""random_strength"": 0.8865185691958972}",0.45000760270270396,0.465068647879137,0.46720365605050723,0.46075996887744936,0.007652868688268113,0.14411068852310976,0.2335918939075585,0.6020094762743794,660,425,453,132.76901910000015,COMPLETE,4
59,"{""bagging_temperature"": 0.5102968116428804, ""bootstrap_type"": ""Bayesian"", ""border_count"": 128, ""depth"": 5, ""iterations"": 3000, ""l2_leaf_reg"": 7.537580965761033, ""learning_rate"": 0.031697809364648555, ""loss_function"": ""Logloss"", ""random_strength"": 1.0304595184083305}",0.44808951602325153,0.4645178641156846,0.46658962737297704,0.4597323358373044,0.008276049406387206,0.14379999183193007,0.23640593628466944,0.6037175521764567,268,133,356,79.48916289999033,COMPLETE,5
